{"dataset.max_df": 0.8, "dataset.min_df": 0.01, "dataset.window_size": 4, "dirichlet_loss": 0.0, "div_loss": -20620.11783131943, "fcm.embed_dim": 50, "fcm.eta": 1000, "fcm.hidden_size": 100, "fcm.inductive": true, "fcm.inductive_dropout": 0.01, "fcm.lam": 0, "fcm.nconcepts": 2, "fcm.nnegs": 15, "fcm.num_layers": 1, "fcm.rho": 1000, "fit.batch_size": 16384, "fit.grad_clip": 1024, "fit.lr": 0.01, "fit.nepochs": 30, "fit.pred_only_epochs": 15, "id": "5666d62b6520af9f950914ef98c78202", "pred_loss": 1321.7400090743579, "run_time": 125.39685529100007, "sgns_loss": 40.53959209796686, "test_auc": 0.9801410409115772, "total_loss": -19254.468415644264, "train_auc": 0.9974755674504677}