{"dataset.max_df": 0.8, "dataset.min_df": 0.01, "dataset.window_size": 4, "dirichlet_loss": 0.0, "div_loss": -2061.7809613962804, "fcm.embed_dim": 50, "fcm.eta": 100, "fcm.hidden_size": 100, "fcm.inductive": true, "fcm.inductive_dropout": 0.01, "fcm.lam": 0, "fcm.nconcepts": 2, "fcm.nnegs": 15, "fcm.num_layers": 1, "fcm.rho": 10, "fit.batch_size": 16384, "fit.grad_clip": 1024, "fit.lr": 0.01, "fit.nepochs": 30, "fit.pred_only_epochs": 15, "id": "21cdd26d076cf0f4ab379ad9b42d267a", "pred_loss": 5.422549160408736, "run_time": 125.04268224999942, "sgns_loss": 14.896786830157499, "test_auc": 0.9938216323223442, "total_loss": -2041.4399450326068, "train_auc": 0.9945271967465992}