{"dataset.max_df": 0.8, "dataset.min_df": 0.01, "dataset.window_size": 4, "dirichlet_loss": -10360.399245324516, "div_loss": -2061.8489249169893, "fcm.embed_dim": 50, "fcm.eta": 100, "fcm.hidden_size": 100, "fcm.inductive": true, "fcm.inductive_dropout": 0.01, "fcm.lam": 1000, "fcm.nconcepts": 2, "fcm.nnegs": 15, "fcm.num_layers": 1, "fcm.rho": 1000, "fit.batch_size": 16384, "fit.grad_clip": 1024, "fit.lr": 0.01, "fit.nepochs": 30, "fit.pred_only_epochs": 15, "id": "0003e75868728ce1d50752a53f11ed3d", "pred_loss": 4256.399409809242, "run_time": 125.12658461899991, "sgns_loss": 25.900374643829696, "test_auc": 0.9982762873369901, "total_loss": -8056.996583552682, "train_auc": 0.9986389794429276}