{"dataset.max_df": 0.8, "dataset.min_df": 0.01, "dataset.window_size": 4, "dirichlet_loss": -10361.63286091507, "div_loss": -2061.8916386496367, "fcm.embed_dim": 50, "fcm.eta": 100, "fcm.hidden_size": 100, "fcm.inductive": true, "fcm.inductive_dropout": 0.01, "fcm.lam": 1000, "fcm.nconcepts": 2, "fcm.nnegs": 15, "fcm.num_layers": 1, "fcm.rho": 1, "fit.batch_size": 16384, "fit.grad_clip": 1024, "fit.lr": 0.01, "fit.nepochs": 30, "fit.pred_only_epochs": 15, "id": "0c4ac2733ab8b3308b8dfa7ff39f56fd", "pred_loss": 4.714882961924809, "run_time": 167.2926380099998, "sgns_loss": 14.896964055083112, "test_auc": 0.9955812889472796, "total_loss": -12403.844754742493, "train_auc": 0.994198636942649}