{"dataset.max_df": 0.8, "dataset.min_df": 0.01, "dataset.window_size": 4, "dirichlet_loss": -10361.63286091507, "div_loss": -20.18626275863566, "fcm.embed_dim": 50, "fcm.eta": 1, "fcm.hidden_size": 100, "fcm.inductive": true, "fcm.inductive_dropout": 0.01, "fcm.lam": 1000, "fcm.nconcepts": 2, "fcm.nnegs": 15, "fcm.num_layers": 1, "fcm.rho": 1, "fit.batch_size": 16384, "fit.grad_clip": 1024, "fit.lr": 0.01, "fit.nepochs": 30, "fit.pred_only_epochs": 15, "id": "f487cc3818177cb2d21d8e4df2d4cabc", "pred_loss": 0.8726540488043415, "run_time": 167.04480352099972, "sgns_loss": 14.903002012322847, "test_auc": 0.9871582607851055, "total_loss": -10366.040182197701, "train_auc": 0.99049308203165}