{"dataset.max_df": 0.8, "dataset.min_df": 0.01, "dataset.window_size": 4, "dirichlet_loss": -10361.632889919676, "div_loss": -20621.972226050988, "fcm.embed_dim": 50, "fcm.eta": 1000, "fcm.hidden_size": 100, "fcm.inductive": true, "fcm.inductive_dropout": 0.01, "fcm.lam": 1000, "fcm.nconcepts": 2, "fcm.nnegs": 15, "fcm.num_layers": 1, "fcm.rho": 100, "fit.batch_size": 16384, "fit.grad_clip": 1024, "fit.lr": 0.01, "fit.nepochs": 30, "fit.pred_only_epochs": 15, "id": "e6c07a8812025cace2e2f33f738d19e0", "pred_loss": 26.02506179538182, "run_time": 125.17095932800021, "sgns_loss": 14.896793558917583, "test_auc": 0.9940216405015924, "total_loss": -30939.029957013907, "train_auc": 0.9952102530174727}