{"dataset.max_df": 0.8, "dataset.min_df": 0.01, "dataset.window_size": 4, "dirichlet_loss": -103.49599379661468, "div_loss": 0.49117655087281664, "fcm.embed_dim": 50, "fcm.eta": 1, "fcm.hidden_size": 100, "fcm.inductive": true, "fcm.inductive_dropout": 0.01, "fcm.lam": 10, "fcm.nconcepts": 2, "fcm.nnegs": 15, "fcm.num_layers": 1, "fcm.rho": 100, "fit.batch_size": 16384, "fit.grad_clip": 1024, "fit.lr": 0.01, "fit.nepochs": 30, "fit.pred_only_epochs": 15, "id": "bb671f7fad35261143a80851d2ea596b", "pred_loss": 50.37895582625202, "run_time": 126.62685899600001, "sgns_loss": 14.814544189908473, "test_auc": 0.9956606851653999, "total_loss": -37.80777571701149, "train_auc": 0.9965359644138839}