{"dataset.max_df": 0.8, "dataset.min_df": 0.01, "dataset.window_size": 4, "dirichlet_loss": -10361.632870509215, "div_loss": -2061.706820399216, "fcm.embed_dim": 50, "fcm.eta": 100, "fcm.hidden_size": 100, "fcm.inductive": true, "fcm.inductive_dropout": 0.01, "fcm.lam": 1000, "fcm.nconcepts": 2, "fcm.nnegs": 15, "fcm.num_layers": 1, "fcm.rho": 10, "fit.batch_size": 16384, "fit.grad_clip": 1024, "fit.lr": 0.01, "fit.nepochs": 30, "fit.pred_only_epochs": 15, "id": "0a2fc965e2a593f8a584da2176724a12", "pred_loss": 5.710334783838347, "run_time": 125.20229779900001, "sgns_loss": 14.89508607599618, "test_auc": 0.9956132391356579, "total_loss": -12402.70976203381, "train_auc": 0.9961297417002526}