{"dataset.max_df": 0.8, "dataset.min_df": 0.01, "dataset.window_size": 4, "dirichlet_loss": -103.6162797205572, "div_loss": -205.8723822623785, "fcm.embed_dim": 50, "fcm.eta": 10, "fcm.hidden_size": 100, "fcm.inductive": true, "fcm.inductive_dropout": 0.01, "fcm.lam": 10, "fcm.nconcepts": 2, "fcm.nnegs": 15, "fcm.num_layers": 1, "fcm.rho": 1, "fit.batch_size": 16384, "fit.grad_clip": 1024, "fit.lr": 0.01, "fit.nepochs": 30, "fit.pred_only_epochs": 15, "id": "e0ea073e38a582ce7a93ac39d53c634c", "pred_loss": 6.426951751185453, "run_time": 124.99583880399996, "sgns_loss": 14.896206081913066, "test_auc": 0.9984373162864169, "total_loss": -287.7517889488698, "train_auc": 0.9977218643147567}