{"dataset.max_df": 0.8, "dataset.min_df": 0.01, "dataset.window_size": 4, "dirichlet_loss": -103.61633334771024, "div_loss": -20.181041413547568, "fcm.embed_dim": 50, "fcm.eta": 1, "fcm.hidden_size": 100, "fcm.inductive": true, "fcm.inductive_dropout": 0.01, "fcm.lam": 10, "fcm.nconcepts": 2, "fcm.nnegs": 15, "fcm.num_layers": 1, "fcm.rho": 1000, "fit.batch_size": 16384, "fit.grad_clip": 1024, "fit.lr": 0.01, "fit.nepochs": 30, "fit.pred_only_epochs": 15, "id": "b59dcf8aaaa148215eca4314f2b3a88d", "pred_loss": 6014.391003316807, "run_time": 126.32907121699998, "sgns_loss": 14.90324354805059, "test_auc": 0.9991966125132273, "total_loss": 5906.0758191978075, "train_auc": 0.9995496738015787}