{"dataset.max_df": 0.8, "dataset.min_df": 0.01, "dataset.window_size": 4, "dirichlet_loss": 0.0, "div_loss": 0.4856597781486038, "fcm.embed_dim": 50, "fcm.eta": 1, "fcm.hidden_size": 100, "fcm.inductive": true, "fcm.inductive_dropout": 0.01, "fcm.lam": 0, "fcm.nconcepts": 2, "fcm.nnegs": 15, "fcm.num_layers": 1, "fcm.rho": 0, "fit.batch_size": 16384, "fit.grad_clip": 1024, "fit.lr": 0.01, "fit.nepochs": 30, "fit.pred_only_epochs": 15, "id": "732afc6e598d0ebb9152477ac07f1834", "pred_loss": 0.0, "run_time": 143.53374889500037, "sgns_loss": 14.478256675361612, "test_auc": 0.9993482161570825, "total_loss": 14.963916453510215, "train_auc": 0.9994672130656999}