{"dataset.max_df": 0.8, "dataset.min_df": 0.01, "dataset.window_size": 4, "dirichlet_loss": -1035.9575923355314, "div_loss": -20620.801372433078, "fcm.embed_dim": 50, "fcm.eta": 1000, "fcm.hidden_size": 100, "fcm.inductive": true, "fcm.inductive_dropout": 0.01, "fcm.lam": 100, "fcm.nconcepts": 2, "fcm.nnegs": 15, "fcm.num_layers": 1, "fcm.rho": 1000, "fit.batch_size": 16384, "fit.grad_clip": 1024, "fit.lr": 0.01, "fit.nepochs": 30, "fit.pred_only_epochs": 15, "id": "cbe452fc5cb7ded4ff36441da4746301", "pred_loss": 860.5547825063975, "run_time": 124.58122364500014, "sgns_loss": 41.178669892067894, "test_auc": 0.9972874290066814, "total_loss": -20735.439580805047, "train_auc": 0.9982171764733998}