{"dataset.max_df": 0.8, "dataset.min_df": 0.01, "dataset.window_size": 4, "dirichlet_loss": -10361.63285600691, "div_loss": -20620.21557369456, "fcm.embed_dim": 50, "fcm.eta": 1000, "fcm.hidden_size": 100, "fcm.inductive": true, "fcm.inductive_dropout": 0.01, "fcm.lam": 1000, "fcm.nconcepts": 2, "fcm.nnegs": 15, "fcm.num_layers": 1, "fcm.rho": 10, "fit.batch_size": 16384, "fit.grad_clip": 1024, "fit.lr": 0.01, "fit.nepochs": 30, "fit.pred_only_epochs": 15, "id": "69f827a26604f2a898bc0434b65fd2de", "pred_loss": 50.73057428342336, "run_time": 125.5188706150002, "sgns_loss": 14.897837517859939, "test_auc": 0.998168934704039, "total_loss": -30912.451924706016, "train_auc": 0.9973871221110874}