{"dataset.max_df": 0.8, "dataset.min_df": 0.01, "dataset.window_size": 4, "dirichlet_loss": -10361.63286091507, "div_loss": -2061.676302987721, "fcm.embed_dim": 50, "fcm.eta": 100, "fcm.hidden_size": 100, "fcm.inductive": true, "fcm.inductive_dropout": 0.01, "fcm.lam": 1000, "fcm.nconcepts": 2, "fcm.nnegs": 15, "fcm.num_layers": 1, "fcm.rho": 0, "fit.batch_size": 16384, "fit.grad_clip": 1024, "fit.lr": 0.01, "fit.nepochs": 30, "fit.pred_only_epochs": 15, "id": "292b415065c3c240627e840d36ccbec2", "pred_loss": 0.0, "run_time": 139.311084006, "sgns_loss": 14.89136811131128, "test_auc": 0.9993482161570825, "total_loss": -12408.388899207052, "train_auc": 0.9994672130656999}