{"dataset.max_df": 0.8, "dataset.min_df": 0.01, "dataset.window_size": 4, "dirichlet_loss": -103.61633278121401, "div_loss": -20.187499068337747, "fcm.embed_dim": 50, "fcm.eta": 1, "fcm.hidden_size": 100, "fcm.inductive": true, "fcm.inductive_dropout": 0.01, "fcm.lam": 10, "fcm.nconcepts": 2, "fcm.nnegs": 15, "fcm.num_layers": 1, "fcm.rho": 1, "fit.batch_size": 16384, "fit.grad_clip": 1024, "fit.lr": 0.01, "fit.nepochs": 30, "fit.pred_only_epochs": 15, "id": "cdd276eeb57120ee010b39cd30366e30", "pred_loss": 3.639404170669111, "run_time": 164.56546445999993, "sgns_loss": 14.90146954048906, "test_auc": 0.1781227794619077, "total_loss": -104.23848067027743, "train_auc": 0.17419501047579483}