{"dataset.max_df": 0.8, "dataset.min_df": 0.01, "dataset.window_size": 4, "dirichlet_loss": -10361.63285600691, "div_loss": -205.87520557766624, "fcm.embed_dim": 50, "fcm.eta": 10, "fcm.hidden_size": 100, "fcm.inductive": true, "fcm.inductive_dropout": 0.01, "fcm.lam": 1000, "fcm.nconcepts": 2, "fcm.nnegs": 15, "fcm.num_layers": 1, "fcm.rho": 1, "fit.batch_size": 16384, "fit.grad_clip": 1024, "fit.lr": 0.01, "fit.nepochs": 30, "fit.pred_only_epochs": 15, "id": "11a3e250768da61b08ef54cbadecb5ae", "pred_loss": 7.254102657956648, "run_time": 167.63473440100006, "sgns_loss": 14.899439606533184, "test_auc": 0.9173161074957699, "total_loss": -10545.217137283918, "train_auc": 0.9133182370526602}