{"dataset.max_df": 0.8, "dataset.min_df": 0.01, "dataset.window_size": 4, "dirichlet_loss": 0.0, "div_loss": -20620.669943670942, "fcm.embed_dim": 50, "fcm.eta": 1000, "fcm.hidden_size": 100, "fcm.inductive": true, "fcm.inductive_dropout": 0.01, "fcm.lam": 0, "fcm.nconcepts": 2, "fcm.nnegs": 15, "fcm.num_layers": 1, "fcm.rho": 0, "fit.batch_size": 16384, "fit.grad_clip": 1024, "fit.lr": 0.01, "fit.nepochs": 30, "fit.pred_only_epochs": 15, "id": "d6300d20609ed9b52dfbd483e5280d09", "pred_loss": 0.0, "run_time": 142.15360474900035, "sgns_loss": 14.890272342219536, "test_auc": 0.5204754379731823, "total_loss": -20605.752070185506, "train_auc": 0.5158523474160928}