{"dataset.max_df": 0.8, "dataset.min_df": 0.01, "dataset.window_size": 4, "dirichlet_loss": -103.61633334771024, "div_loss": -205.87714849184823, "fcm.embed_dim": 50, "fcm.eta": 10, "fcm.hidden_size": 100, "fcm.inductive": true, "fcm.inductive_dropout": 0.01, "fcm.lam": 10, "fcm.nconcepts": 2, "fcm.nnegs": 15, "fcm.num_layers": 1, "fcm.rho": 1000, "fit.batch_size": 16384, "fit.grad_clip": 1024, "fit.lr": 0.01, "fit.nepochs": 30, "fit.pred_only_epochs": 15, "id": "c1a34faf1cbb238189060a61e85c90bd", "pred_loss": 5332.182783928143, "run_time": 133.19320410800003, "sgns_loss": 14.898151544193142, "test_auc": 0.9051162475653957, "total_loss": 5037.780583258318, "train_auc": 0.9067499571999418}