{"dataset.max_df": 0.8, "dataset.min_df": 0.01, "dataset.window_size": 4, "dirichlet_loss": -10.361568994089366, "div_loss": 0.0, "fcm.embed_dim": 50, "fcm.eta": 0, "fcm.hidden_size": 100, "fcm.inductive": true, "fcm.inductive_dropout": 0.01, "fcm.lam": 1, "fcm.nconcepts": 2, "fcm.nnegs": 15, "fcm.num_layers": 1, "fcm.rho": 100, "fit.batch_size": 16384, "fit.grad_clip": 1024, "fit.lr": 0.01, "fit.nepochs": 30, "fit.pred_only_epochs": 15, "id": "faaf46fe4c05d2b76b1e026c34536897", "pred_loss": 49.31836499992658, "run_time": 125.70934924499988, "sgns_loss": 14.865364948946882, "test_auc": 0.9959968011471395, "total_loss": 54.06694170690161, "train_auc": 0.9967983588472534}