{"dataset.max_df": 0.8, "dataset.min_df": 0.01, "dataset.window_size": 4, "dirichlet_loss": -1036.1633379427967, "div_loss": -20621.532813968643, "fcm.embed_dim": 50, "fcm.eta": 1000, "fcm.hidden_size": 100, "fcm.inductive": true, "fcm.inductive_dropout": 0.01, "fcm.lam": 100, "fcm.nconcepts": 2, "fcm.nnegs": 15, "fcm.num_layers": 1, "fcm.rho": 10, "fit.batch_size": 16384, "fit.grad_clip": 1024, "fit.lr": 0.01, "fit.nepochs": 30, "fit.pred_only_epochs": 15, "id": "b2529e7c900ecc34b4be308a4d67bb47", "pred_loss": 69.7870403485057, "run_time": 130.405644423, "sgns_loss": 14.896187399105658, "test_auc": 0.8729737190530475, "total_loss": -21567.25156813468, "train_auc": 0.8698677942254743}