{"dataset.max_df": 0.8, "dataset.min_df": 0.01, "dataset.window_size": 4, "dirichlet_loss": -10.243930942950284, "div_loss": 0.0, "fcm.embed_dim": 50, "fcm.eta": 0, "fcm.hidden_size": 100, "fcm.inductive": true, "fcm.inductive_dropout": 0.01, "fcm.lam": 1, "fcm.nconcepts": 2, "fcm.nnegs": 15, "fcm.num_layers": 1, "fcm.rho": 10, "fit.batch_size": 16384, "fit.grad_clip": 1024, "fit.lr": 0.01, "fit.nepochs": 30, "fit.pred_only_epochs": 15, "id": "4b8cdba7790aaf6a7768c9824bf78a6a", "pred_loss": 5.693667476443947, "run_time": 124.51305116699996, "sgns_loss": 14.838496449908714, "test_auc": 0.9981682957002715, "total_loss": 10.305188118371644, "train_auc": 0.9987259184880368}