{"dataset.max_df": 0.8, "dataset.min_df": 0.01, "dataset.window_size": 4, "dirichlet_loss": 0.0, "div_loss": 0.0, "fcm.embed_dim": 50, "fcm.eta": 0, "fcm.hidden_size": 100, "fcm.inductive": true, "fcm.inductive_dropout": 0.01, "fcm.lam": 0, "fcm.nconcepts": 2, "fcm.nnegs": 15, "fcm.num_layers": 1, "fcm.rho": 1000, "fit.batch_size": 16384, "fit.grad_clip": 1024, "fit.lr": 0.01, "fit.nepochs": 30, "fit.pred_only_epochs": 15, "id": "d2a5010c755b69a6c937a6c925c84e96", "pred_loss": 663.7299301366937, "run_time": 127.43792962199996, "sgns_loss": 14.922818273511757, "test_auc": 0.9966500227485342, "total_loss": 678.6527484102054, "train_auc": 0.9981862949049906}