{"dataset.max_df": 0.8, "dataset.min_df": 0.01, "dataset.window_size": 4, "dirichlet_loss": -10361.63286091507, "div_loss": -20.192779396098185, "fcm.embed_dim": 50, "fcm.eta": 1, "fcm.hidden_size": 100, "fcm.inductive": true, "fcm.inductive_dropout": 0.01, "fcm.lam": 1000, "fcm.nconcepts": 2, "fcm.nnegs": 15, "fcm.num_layers": 1, "fcm.rho": 0, "fit.batch_size": 16384, "fit.grad_clip": 1024, "fit.lr": 0.01, "fit.nepochs": 30, "fit.pred_only_epochs": 15, "id": "34fa6e85ba09466f6694e796e8aa4b0d", "pred_loss": 0.0, "run_time": 141.25925766, "sgns_loss": 14.901792916529006, "test_auc": 0.5290785054468681, "total_loss": -10366.91968164603, "train_auc": 0.52664339900161}