{"dataset.max_df": 0.8, "dataset.min_df": 0.01, "dataset.window_size": 4, "dirichlet_loss": -10.361633333899185, "div_loss": -2061.9744187780057, "fcm.embed_dim": 50, "fcm.eta": 100, "fcm.hidden_size": 100, "fcm.inductive": true, "fcm.inductive_dropout": 0.01, "fcm.lam": 1, "fcm.nconcepts": 2, "fcm.nnegs": 15, "fcm.num_layers": 1, "fcm.rho": 1000, "fit.batch_size": 16384, "fit.grad_clip": 1024, "fit.lr": 0.01, "fit.nepochs": 30, "fit.pred_only_epochs": 15, "id": "f47d291d44f8d5e90098eedca2a83a79", "pred_loss": 1555.2913764637663, "run_time": 124.70369624400018, "sgns_loss": 14.89763416017242, "test_auc": 0.9956889610821146, "total_loss": -500.4740445955502, "train_auc": 0.9955050048833349}