{"dataset.max_df": 0.8, "dataset.min_df": 0.01, "dataset.window_size": 4, "dirichlet_loss": -1036.1633355164888, "div_loss": -2061.7268603457956, "fcm.embed_dim": 50, "fcm.eta": 100, "fcm.hidden_size": 100, "fcm.inductive": true, "fcm.inductive_dropout": 0.01, "fcm.lam": 100, "fcm.nconcepts": 2, "fcm.nnegs": 15, "fcm.num_layers": 1, "fcm.rho": 0, "fit.batch_size": 16384, "fit.grad_clip": 1024, "fit.lr": 0.01, "fit.nepochs": 30, "fit.pred_only_epochs": 15, "id": "b52d3908da11aaf22aacb97c7b94141d", "pred_loss": 0.0, "run_time": 128.0597126849999, "sgns_loss": 14.890037264026764, "test_auc": 0.9827430642531069, "total_loss": -3082.970805552449, "train_auc": 0.9832888974832754}