{"dataset.max_df": 0.8, "dataset.min_df": 0.01, "dataset.window_size": 4, "dirichlet_loss": -10.282340705001278, "div_loss": -2061.7826014391703, "fcm.embed_dim": 50, "fcm.eta": 100, "fcm.hidden_size": 100, "fcm.inductive": true, "fcm.inductive_dropout": 0.01, "fcm.lam": 1, "fcm.nconcepts": 2, "fcm.nnegs": 15, "fcm.num_layers": 1, "fcm.rho": 100, "fit.batch_size": 16384, "fit.grad_clip": 1024, "fit.lr": 0.01, "fit.nepochs": 30, "fit.pred_only_epochs": 15, "id": "5b4ca807380d399b2a55f4c8318fbe46", "pred_loss": 127.96642412110015, "run_time": 124.1733940930003, "sgns_loss": 19.81075698844469, "test_auc": 0.9985440299156003, "total_loss": -1909.9278013510702, "train_auc": 0.9989127294078567}