{"dataset.max_df": 0.8, "dataset.min_df": 0.01, "dataset.window_size": 4, "dirichlet_loss": -1036.163329464605, "div_loss": -20.187413483933717, "fcm.embed_dim": 50, "fcm.eta": 1, "fcm.hidden_size": 100, "fcm.inductive": true, "fcm.inductive_dropout": 0.01, "fcm.lam": 100, "fcm.nconcepts": 2, "fcm.nnegs": 15, "fcm.num_layers": 1, "fcm.rho": 100, "fit.batch_size": 16384, "fit.grad_clip": 1024, "fit.lr": 0.01, "fit.nepochs": 30, "fit.pred_only_epochs": 15, "id": "612a1bc72086c5bad59a99d48c85ebfb", "pred_loss": 58.93498938632198, "run_time": 125.82607909300009, "sgns_loss": 15.006440675177178, "test_auc": 0.9947563350833517, "total_loss": -982.4078233888646, "train_auc": 0.9958284169139339}