{"dataset.max_df": 0.8, "dataset.min_df": 0.01, "dataset.window_size": 4, "dirichlet_loss": -103.61562167679561, "div_loss": -20621.223206390427, "fcm.embed_dim": 50, "fcm.eta": 1000, "fcm.hidden_size": 100, "fcm.inductive": true, "fcm.inductive_dropout": 0.01, "fcm.lam": 10, "fcm.nconcepts": 2, "fcm.nnegs": 15, "fcm.num_layers": 1, "fcm.rho": 10, "fit.batch_size": 16384, "fit.grad_clip": 1024, "fit.lr": 0.01, "fit.nepochs": 30, "fit.pred_only_epochs": 15, "id": "ac2c73e24e828720a605ccbdf9e00b78", "pred_loss": 12.081092062195385, "run_time": 125.77628015100004, "sgns_loss": 14.897005826706755, "test_auc": 0.9991536395098586, "total_loss": -20696.841642214207, "train_auc": 0.999144455284128}