{"dataset.max_df": 0.8, "dataset.min_df": 0.01, "dataset.window_size": 4, "dirichlet_loss": -10.361633376386402, "div_loss": -20622.20385365224, "fcm.embed_dim": 50, "fcm.eta": 1000, "fcm.hidden_size": 100, "fcm.inductive": true, "fcm.inductive_dropout": 0.01, "fcm.lam": 1, "fcm.nconcepts": 2, "fcm.nnegs": 15, "fcm.num_layers": 1, "fcm.rho": 1000, "fit.batch_size": 16384, "fit.grad_clip": 1024, "fit.lr": 0.01, "fit.nepochs": 30, "fit.pred_only_epochs": 15, "id": "7f1a27a32c679cc9d03467414ffcda0f", "pred_loss": 9989.785054193933, "run_time": 124.68725674400002, "sgns_loss": 14.897918739102815, "test_auc": 0.9993137099536339, "total_loss": -10587.003014852493, "train_auc": 0.9993624825044174}