{"dataset.max_df": 0.8, "dataset.min_df": 0.01, "dataset.window_size": 4, "dirichlet_loss": -10361.63286091507, "div_loss": 0.0, "fcm.embed_dim": 50, "fcm.eta": 0, "fcm.hidden_size": 100, "fcm.inductive": true, "fcm.inductive_dropout": 0.01, "fcm.lam": 1000, "fcm.nconcepts": 2, "fcm.nnegs": 15, "fcm.num_layers": 1, "fcm.rho": 1, "fit.batch_size": 16384, "fit.grad_clip": 1024, "fit.lr": 0.01, "fit.nepochs": 30, "fit.pred_only_epochs": 15, "id": "e5f655a50d650f34ebefaeeb149feee1", "pred_loss": 0.266052112989966, "run_time": 124.72667738999962, "sgns_loss": 14.902279431766583, "test_auc": 0.996199365341458, "total_loss": -10346.45827177009, "train_auc": 0.9962299128051385}