{"dataset.max_df": 0.8, "dataset.min_df": 0.01, "dataset.window_size": 4, "dirichlet_loss": -1036.163332504433, "div_loss": -20.190648477556817, "fcm.embed_dim": 50, "fcm.eta": 1, "fcm.hidden_size": 100, "fcm.inductive": true, "fcm.inductive_dropout": 0.01, "fcm.lam": 100, "fcm.nconcepts": 2, "fcm.nnegs": 15, "fcm.num_layers": 1, "fcm.rho": 1, "fit.batch_size": 16384, "fit.grad_clip": 1024, "fit.lr": 0.01, "fit.nepochs": 30, "fit.pred_only_epochs": 15, "id": "346189ac5e300d1e875d076ed8b89839", "pred_loss": 0.76260272597996, "run_time": 164.69945176200008, "sgns_loss": 14.900683809405477, "test_auc": 0.9876633932633667, "total_loss": -1040.684743318455, "train_auc": 0.9900743981563203}