{"dataset.max_df": 0.8, "dataset.min_df": 0.01, "dataset.window_size": 4, "dirichlet_loss": -1035.566596919687, "div_loss": 0.0, "fcm.embed_dim": 50, "fcm.eta": 0, "fcm.hidden_size": 100, "fcm.inductive": true, "fcm.inductive_dropout": 0.01, "fcm.lam": 100, "fcm.nconcepts": 2, "fcm.nnegs": 15, "fcm.num_layers": 1, "fcm.rho": 1000, "fit.batch_size": 16384, "fit.grad_clip": 1024, "fit.lr": 0.01, "fit.nepochs": 30, "fit.pred_only_epochs": 15, "id": "e43a6073e23887ba7e5cb553bd91da06", "pred_loss": 584.0553801830494, "run_time": 125.00163080200014, "sgns_loss": 14.868579374673224, "test_auc": 0.988621739163774, "total_loss": -436.64263736196466, "train_auc": 0.9913336804538608}