{"dataset.max_df": 0.8, "dataset.min_df": 0.01, "dataset.window_size": 4, "dirichlet_loss": -103.5270482409044, "div_loss": -2061.763791012256, "fcm.embed_dim": 50, "fcm.eta": 100, "fcm.hidden_size": 100, "fcm.inductive": true, "fcm.inductive_dropout": 0.01, "fcm.lam": 10, "fcm.nconcepts": 2, "fcm.nnegs": 15, "fcm.num_layers": 1, "fcm.rho": 1000, "fit.batch_size": 16384, "fit.grad_clip": 1024, "fit.lr": 0.01, "fit.nepochs": 30, "fit.pred_only_epochs": 15, "id": "7f2d99a1603890cb21719f8a333f2c91", "pred_loss": 422.59290887377665, "run_time": 168.8927356449999, "sgns_loss": 34.121426358765945, "test_auc": 0.9946250198091168, "total_loss": -1707.98294483464, "train_auc": 0.9960422194098869}