{"dataset.max_df": 0.8, "dataset.min_df": 0.01, "dataset.window_size": 4, "dirichlet_loss": -10361.63285600691, "div_loss": -20.18285174895167, "fcm.embed_dim": 50, "fcm.eta": 1, "fcm.hidden_size": 100, "fcm.inductive": true, "fcm.inductive_dropout": 0.01, "fcm.lam": 1000, "fcm.nconcepts": 2, "fcm.nnegs": 15, "fcm.num_layers": 1, "fcm.rho": 1000, "fit.batch_size": 16384, "fit.grad_clip": 1024, "fit.lr": 0.01, "fit.nepochs": 30, "fit.pred_only_epochs": 15, "id": "4dc2b9510c9a02511996ba6f42349e5a", "pred_loss": 425.82471169214756, "run_time": 125.09031098300011, "sgns_loss": 14.913571355718174, "test_auc": 0.9917798555340281, "total_loss": -9941.06099899116, "train_auc": 0.9938245383634081}