{"dataset.max_df": 0.8, "dataset.min_df": 0.01, "dataset.window_size": 4, "dirichlet_loss": -103.61628072478796, "div_loss": -205.8837993962156, "fcm.embed_dim": 50, "fcm.eta": 10, "fcm.hidden_size": 100, "fcm.inductive": true, "fcm.inductive_dropout": 0.01, "fcm.lam": 10, "fcm.nconcepts": 2, "fcm.nnegs": 15, "fcm.num_layers": 1, "fcm.rho": 0, "fit.batch_size": 16384, "fit.grad_clip": 1024, "fit.lr": 0.01, "fit.nepochs": 30, "fit.pred_only_epochs": 15, "id": "9f825561a278577a24e6011005177281", "pred_loss": 0.0, "run_time": 137.68288111399988, "sgns_loss": 14.890626257144316, "test_auc": 1.0, "total_loss": -294.58414656563974, "train_auc": 1.0}