{"dataset.max_df": 0.8, "dataset.min_df": 0.01, "dataset.window_size": 4, "dirichlet_loss": -103.42832950346298, "div_loss": -204.30171068439756, "fcm.embed_dim": 50, "fcm.eta": 10, "fcm.hidden_size": 100, "fcm.inductive": true, "fcm.inductive_dropout": 0.01, "fcm.lam": 10, "fcm.nconcepts": 2, "fcm.nnegs": 15, "fcm.num_layers": 1, "fcm.rho": 100, "fit.batch_size": 16384, "fit.grad_clip": 1024, "fit.lr": 0.01, "fit.nepochs": 30, "fit.pred_only_epochs": 15, "id": "542a86398644dd73450fa0037e1b1e0e", "pred_loss": 80.53277951372091, "run_time": 167.2293566559997, "sgns_loss": 18.783387376186983, "test_auc": 0.9955106790309635, "total_loss": -207.18481650971484, "train_auc": 0.9972652593543561}