{"dataset.max_df": 0.8, "dataset.min_df": 0.01, "dataset.window_size": 4, "dirichlet_loss": 0.0, "div_loss": -204.35529388882176, "fcm.embed_dim": 50, "fcm.eta": 10, "fcm.hidden_size": 100, "fcm.inductive": true, "fcm.inductive_dropout": 0.01, "fcm.lam": 0, "fcm.nconcepts": 2, "fcm.nnegs": 15, "fcm.num_layers": 1, "fcm.rho": 1000, "fit.batch_size": 16384, "fit.grad_clip": 1024, "fit.lr": 0.01, "fit.nepochs": 30, "fit.pred_only_epochs": 15, "id": "a755105bb2a10aea02adba631195e497", "pred_loss": 2451.3756697795625, "run_time": 125.98446120900007, "sgns_loss": 18.684478618537465, "test_auc": 0.9920169259317955, "total_loss": 2266.327089923707, "train_auc": 0.9996094995498057}