{"dataset.max_df": 0.8, "dataset.min_df": 0.01, "dataset.window_size": 4, "dirichlet_loss": -10.339704629511418, "div_loss": -20.189266660772862, "fcm.embed_dim": 50, "fcm.eta": 1, "fcm.hidden_size": 100, "fcm.inductive": true, "fcm.inductive_dropout": 0.01, "fcm.lam": 1, "fcm.nconcepts": 2, "fcm.nnegs": 15, "fcm.num_layers": 1, "fcm.rho": 1000, "fit.batch_size": 16384, "fit.grad_clip": 1024, "fit.lr": 0.01, "fit.nepochs": 30, "fit.pred_only_epochs": 15, "id": "dfbe6366fae8266f394c0fa2f702425d", "pred_loss": 1376.6122022819923, "run_time": 126.16401862700013, "sgns_loss": 15.546634041764582, "test_auc": 0.9968474749127121, "total_loss": 1361.9918010422791, "train_auc": 0.9971433965976252}