{"dataset.max_df": 0.8, "dataset.min_df": 0.01, "dataset.window_size": 4, "dirichlet_loss": -103.61633289451325, "div_loss": 0.0, "fcm.embed_dim": 50, "fcm.eta": 0, "fcm.hidden_size": 100, "fcm.inductive": true, "fcm.inductive_dropout": 0.01, "fcm.lam": 10, "fcm.nconcepts": 2, "fcm.nnegs": 15, "fcm.num_layers": 1, "fcm.rho": 1, "fit.batch_size": 16384, "fit.grad_clip": 1024, "fit.lr": 0.01, "fit.nepochs": 30, "fit.pred_only_epochs": 15, "id": "64bcd59dbf4e8b83a1e7c1df4de18e7b", "pred_loss": 0.44695231297855065, "run_time": 124.4173369250002, "sgns_loss": 14.912236380536655, "test_auc": 0.9898991076951391, "total_loss": -88.2560628171384, "train_auc": 0.9921647339406565}