{"dataset.max_df": 0.8, "dataset.min_df": 0.01, "dataset.window_size": 4, "dirichlet_loss": -10.350441777443248, "div_loss": -20620.144246477656, "fcm.embed_dim": 50, "fcm.eta": 1000, "fcm.hidden_size": 100, "fcm.inductive": true, "fcm.inductive_dropout": 0.01, "fcm.lam": 1, "fcm.nconcepts": 2, "fcm.nnegs": 15, "fcm.num_layers": 1, "fcm.rho": 100, "fit.batch_size": 16384, "fit.grad_clip": 1024, "fit.lr": 0.01, "fit.nepochs": 30, "fit.pred_only_epochs": 15, "id": "b4114d5a6d90ed3d9fe405e7e4cf7dca", "pred_loss": 479.7756712971637, "run_time": 125.91995836299998, "sgns_loss": 15.970149300433036, "test_auc": 0.9930476390088796, "total_loss": -20096.63785558998, "train_auc": 0.9938624848069681}