{"dataset.max_df": 0.8, "dataset.min_df": 0.01, "dataset.window_size": 4, "dirichlet_loss": 0.0, "div_loss": -205.88139517641872, "fcm.embed_dim": 50, "fcm.eta": 10, "fcm.hidden_size": 100, "fcm.inductive": true, "fcm.inductive_dropout": 0.01, "fcm.lam": 0, "fcm.nconcepts": 2, "fcm.nnegs": 15, "fcm.num_layers": 1, "fcm.rho": 10, "fit.batch_size": 16384, "fit.grad_clip": 1024, "fit.lr": 0.01, "fit.nepochs": 30, "fit.pred_only_epochs": 15, "id": "c0121ad7588f39471ba0dcc9535e7e2e", "pred_loss": 5.9423916180583936, "run_time": 127.0398325390006, "sgns_loss": 14.902212173807904, "test_auc": 0.994437631954278, "total_loss": -184.99786027606189, "train_auc": 0.9955190534864706}