{"dataset.max_df": 0.8, "dataset.min_df": 0.01, "dataset.window_size": 4, "dirichlet_loss": -1036.163332504433, "div_loss": -20.19431605551525, "fcm.embed_dim": 50, "fcm.eta": 1, "fcm.hidden_size": 100, "fcm.inductive": true, "fcm.inductive_dropout": 0.01, "fcm.lam": 100, "fcm.nconcepts": 2, "fcm.nnegs": 15, "fcm.num_layers": 1, "fcm.rho": 0, "fit.batch_size": 16384, "fit.grad_clip": 1024, "fit.lr": 0.01, "fit.nepochs": 30, "fit.pred_only_epochs": 15, "id": "226f092f4ca36f79adf92bf5f8a18c0c", "pred_loss": 0.0, "run_time": 139.41068577899978, "sgns_loss": 14.90101279646978, "test_auc": 0.6945565186052336, "total_loss": -1041.4505604398173, "train_auc": 0.6987387671274533}