{"dataset.max_df": 0.8, "dataset.min_df": 0.01, "dataset.window_size": 4, "dirichlet_loss": -10361.55089389512, "div_loss": -20620.217604017063, "fcm.embed_dim": 50, "fcm.eta": 1000, "fcm.hidden_size": 100, "fcm.inductive": true, "fcm.inductive_dropout": 0.01, "fcm.lam": 1000, "fcm.nconcepts": 2, "fcm.nnegs": 15, "fcm.num_layers": 1, "fcm.rho": 1000, "fit.batch_size": 16384, "fit.grad_clip": 1024, "fit.lr": 0.01, "fit.nepochs": 30, "fit.pred_only_epochs": 15, "id": "c3905858dd6212f976c8f2ae292370b0", "pred_loss": 914.0067420930836, "run_time": 124.86385002899988, "sgns_loss": 39.223565948269, "test_auc": 0.9987887683585782, "total_loss": -29991.638928801964, "train_auc": 0.9988653293194427}