{"dataset.max_df": 0.8, "dataset.min_df": 0.01, "dataset.window_size": 4, "dirichlet_loss": -103.61633308450249, "div_loss": 0.0, "fcm.embed_dim": 50, "fcm.eta": 0, "fcm.hidden_size": 100, "fcm.inductive": true, "fcm.inductive_dropout": 0.01, "fcm.lam": 10, "fcm.nconcepts": 2, "fcm.nnegs": 15, "fcm.num_layers": 1, "fcm.rho": 1000, "fit.batch_size": 16384, "fit.grad_clip": 1024, "fit.lr": 0.01, "fit.nepochs": 30, "fit.pred_only_epochs": 15, "id": "d652a3c393f14cab14492479ca70dca0", "pred_loss": 11634.89726270365, "run_time": 124.802861054, "sgns_loss": 14.91072119430993, "test_auc": 0.6978288568989403, "total_loss": 11546.193127041908, "train_auc": 0.7121997734898577}