{"dataset.max_df": 0.8, "dataset.min_df": 0.01, "dataset.window_size": 4, "dirichlet_loss": -10.358181003917968, "div_loss": 0.0, "fcm.embed_dim": 50, "fcm.eta": 0, "fcm.hidden_size": 100, "fcm.inductive": true, "fcm.inductive_dropout": 0.01, "fcm.lam": 1, "fcm.nconcepts": 2, "fcm.nnegs": 15, "fcm.num_layers": 1, "fcm.rho": 1, "fit.batch_size": 16384, "fit.grad_clip": 1024, "fit.lr": 0.01, "fit.nepochs": 30, "fit.pred_only_epochs": 15, "id": "44fb250d72250562f565d24cd1eda895", "pred_loss": 3.756022825316156, "run_time": 124.44283515000006, "sgns_loss": 14.909853500158311, "test_auc": 0.9988737558596645, "total_loss": 8.336095433947943, "train_auc": 0.9985128057429958}