{"dataset.max_df": 0.8, "dataset.min_df": 0.01, "dataset.window_size": 4, "dirichlet_loss": -10.36085925506382, "div_loss": -2061.8567919672573, "fcm.embed_dim": 50, "fcm.eta": 100, "fcm.hidden_size": 100, "fcm.inductive": true, "fcm.inductive_dropout": 0.01, "fcm.lam": 1, "fcm.nconcepts": 2, "fcm.nnegs": 15, "fcm.num_layers": 1, "fcm.rho": 0, "fit.batch_size": 16384, "fit.grad_clip": 1024, "fit.lr": 0.01, "fit.nepochs": 30, "fit.pred_only_epochs": 15, "id": "68cf8232fa070013fa80229a484e56a9", "pred_loss": 0.0, "run_time": 139.84599823999997, "sgns_loss": 14.891841072516181, "test_auc": 0.9649139006323582, "total_loss": -2057.297051090857, "train_auc": 0.9663376957170748}