{"dataset.max_df": 0.8, "dataset.min_df": 0.01, "dataset.window_size": 4, "dirichlet_loss": -10.356679732318966, "div_loss": 0.0, "fcm.embed_dim": 50, "fcm.eta": 0, "fcm.hidden_size": 100, "fcm.inductive": true, "fcm.inductive_dropout": 0.01, "fcm.lam": 1, "fcm.nconcepts": 2, "fcm.nnegs": 15, "fcm.num_layers": 1, "fcm.rho": 1000, "fit.batch_size": 16384, "fit.grad_clip": 1024, "fit.lr": 0.01, "fit.nepochs": 30, "fit.pred_only_epochs": 15, "id": "e85a33607f0091e27d54b6e9de9b37f8", "pred_loss": 5874.924550949411, "run_time": 125.27903177400003, "sgns_loss": 14.915475096504027, "test_auc": 0.9468254612329193, "total_loss": 5879.946874743681, "train_auc": 0.9658743403267922}