{"dataset.max_df": 0.8, "dataset.min_df": 0.01, "dataset.window_size": 4, "dirichlet_loss": -10.344752235508409, "div_loss": 0.5067669400547766, "fcm.embed_dim": 50, "fcm.eta": 1, "fcm.hidden_size": 100, "fcm.inductive": true, "fcm.inductive_dropout": 0.01, "fcm.lam": 1, "fcm.nconcepts": 2, "fcm.nnegs": 15, "fcm.num_layers": 1, "fcm.rho": 10, "fit.batch_size": 16384, "fit.grad_clip": 1024, "fit.lr": 0.01, "fit.nepochs": 30, "fit.pred_only_epochs": 15, "id": "43284c951f61c7596ccf554fc65250ed", "pred_loss": 5.70121554802085, "run_time": 130.82082797600003, "sgns_loss": 14.91064830891444, "test_auc": 0.9944163850790065, "total_loss": 11.225353824660687, "train_auc": 0.9955310277651723}