{"dataset.max_df": 0.8, "dataset.min_df": 0.01, "dataset.window_size": 4, "dirichlet_loss": -103.61407365214639, "div_loss": 0.0, "fcm.embed_dim": 50, "fcm.eta": 0, "fcm.hidden_size": 100, "fcm.inductive": true, "fcm.inductive_dropout": 0.01, "fcm.lam": 10, "fcm.nconcepts": 2, "fcm.nnegs": 15, "fcm.num_layers": 1, "fcm.rho": 100, "fit.batch_size": 16384, "fit.grad_clip": 1024, "fit.lr": 0.01, "fit.nepochs": 30, "fit.pred_only_epochs": 15, "id": "a8b53a9a822c9ff2c3120054c0f8ae00", "pred_loss": 61.50169852886823, "run_time": 124.66142476999994, "sgns_loss": 14.97035469991696, "test_auc": 0.9947502645475597, "total_loss": -27.121532196681027, "train_auc": 0.9955598552959389}