{"dataset.max_df": 0.8, "dataset.min_df": 0.01, "dataset.window_size": 4, "dirichlet_loss": -10.357834413056656, "div_loss": -206.1238501396771, "fcm.embed_dim": 50, "fcm.eta": 10, "fcm.hidden_size": 100, "fcm.inductive": true, "fcm.inductive_dropout": 0.01, "fcm.lam": 1, "fcm.nconcepts": 2, "fcm.nnegs": 15, "fcm.num_layers": 1, "fcm.rho": 10, "fit.batch_size": 16384, "fit.grad_clip": 1024, "fit.lr": 0.01, "fit.nepochs": 30, "fit.pred_only_epochs": 15, "id": "6af456ac0d73f415780914ee8a0b3860", "pred_loss": 55.85263651903864, "run_time": 127.03333271199995, "sgns_loss": 14.877375297822443, "test_auc": 0.9978462378014181, "total_loss": -139.8005859545006, "train_auc": 0.998245496834378}