{"dataset.max_df": 0.8, "dataset.min_df": 0.01, "dataset.window_size": 4, "dirichlet_loss": -1035.4631513274521, "div_loss": -2061.5652146001653, "fcm.embed_dim": 50, "fcm.eta": 100, "fcm.hidden_size": 100, "fcm.inductive": true, "fcm.inductive_dropout": 0.01, "fcm.lam": 100, "fcm.nconcepts": 2, "fcm.nnegs": 15, "fcm.num_layers": 1, "fcm.rho": 100, "fit.batch_size": 16384, "fit.grad_clip": 1024, "fit.lr": 0.01, "fit.nepochs": 30, "fit.pred_only_epochs": 15, "id": "5ad52472fa8c7d45834600c284edd128", "pred_loss": 245.51250955826026, "run_time": 126.70165727599988, "sgns_loss": 36.76040860318425, "test_auc": 0.9676339799199456, "total_loss": -2753.3552080822656, "train_auc": 0.9971799432525694}