{"dataset.max_df": 0.8, "dataset.min_df": 0.01, "dataset.window_size": 4, "dirichlet_loss": -1036.163334902969, "div_loss": -205.87321227498578, "fcm.embed_dim": 50, "fcm.eta": 10, "fcm.hidden_size": 100, "fcm.inductive": true, "fcm.inductive_dropout": 0.01, "fcm.lam": 100, "fcm.nconcepts": 2, "fcm.nnegs": 15, "fcm.num_layers": 1, "fcm.rho": 1, "fit.batch_size": 16384, "fit.grad_clip": 1024, "fit.lr": 0.01, "fit.nepochs": 30, "fit.pred_only_epochs": 15, "id": "252639e869277485a19b46ead1c6982b", "pred_loss": 0.23806934815202638, "run_time": 126.25720030499997, "sgns_loss": 14.89325762213459, "test_auc": 0.9937661987455079, "total_loss": -1226.6882232433402, "train_auc": 0.9949256648341676}