{"dataset.max_df": 0.8, "dataset.min_df": 0.01, "dataset.window_size": 4, "dirichlet_loss": -103.61633285616826, "div_loss": -205.8722177414577, "fcm.embed_dim": 50, "fcm.eta": 10, "fcm.hidden_size": 100, "fcm.inductive": true, "fcm.inductive_dropout": 0.01, "fcm.lam": 10, "fcm.nconcepts": 2, "fcm.nnegs": 15, "fcm.num_layers": 1, "fcm.rho": 10, "fit.batch_size": 16384, "fit.grad_clip": 1024, "fit.lr": 0.01, "fit.nepochs": 30, "fit.pred_only_epochs": 15, "id": "1d1249847f334a318e378ae342569adc", "pred_loss": 37.90798076407718, "run_time": 131.91215951899994, "sgns_loss": 14.899664729095752, "test_auc": 0.9182137480382584, "total_loss": -219.63479728806212, "train_auc": 0.9153530478885741}