{"dataset.max_df": 0.8, "dataset.min_df": 0.01, "dataset.window_size": 4, "dirichlet_loss": -1036.1633361300087, "div_loss": -2061.735499477101, "fcm.embed_dim": 50, "fcm.eta": 100, "fcm.hidden_size": 100, "fcm.inductive": true, "fcm.inductive_dropout": 0.01, "fcm.lam": 100, "fcm.nconcepts": 2, "fcm.nnegs": 15, "fcm.num_layers": 1, "fcm.rho": 1000, "fit.batch_size": 16384, "fit.grad_clip": 1024, "fit.lr": 0.01, "fit.nepochs": 30, "fit.pred_only_epochs": 15, "id": "02f0be49e1769a0507eb6d448a2da6f5", "pred_loss": 5332.834362023518, "run_time": 183.083712274, "sgns_loss": 14.897290824105818, "test_auc": 0.9050496314226268, "total_loss": 2251.5418997218576, "train_auc": 0.9066850293236441}