{"dataset.max_df": 0.8, "dataset.min_df": 0.01, "dataset.window_size": 4, "dirichlet_loss": -1036.162493183612, "div_loss": 0.0, "fcm.embed_dim": 50, "fcm.eta": 0, "fcm.hidden_size": 100, "fcm.inductive": true, "fcm.inductive_dropout": 0.01, "fcm.lam": 100, "fcm.nconcepts": 2, "fcm.nnegs": 15, "fcm.num_layers": 1, "fcm.rho": 100, "fit.batch_size": 16384, "fit.grad_clip": 1024, "fit.lr": 0.01, "fit.nepochs": 30, "fit.pred_only_epochs": 15, "id": "433bf5398ec07ffc47a099ce1d9b3151", "pred_loss": 751.1545366778903, "run_time": 114.59533302, "sgns_loss": 14.92947586540366, "test_auc": 0.7714018336852115, "total_loss": -269.4466270834219, "train_auc": 0.8006755430576298}