{"dataset.max_df": 0.8, "dataset.min_df": 0.01, "dataset.window_size": 4, "dirichlet_loss": -1036.1633379427967, "div_loss": -2061.8365489884277, "fcm.embed_dim": 50, "fcm.eta": 100, "fcm.hidden_size": 100, "fcm.inductive": true, "fcm.inductive_dropout": 0.01, "fcm.lam": 100, "fcm.nconcepts": 2, "fcm.nnegs": 15, "fcm.num_layers": 1, "fcm.rho": 10, "fit.batch_size": 16384, "fit.grad_clip": 1024, "fit.lr": 0.01, "fit.nepochs": 30, "fit.pred_only_epochs": 15, "id": "fa69f50194f011bcc938ec74a8fde6ea", "pred_loss": 12.081092062195385, "run_time": 132.42222019200017, "sgns_loss": 14.897049587752525, "test_auc": 0.9991536395098586, "total_loss": -3070.0034426382513, "train_auc": 0.999144455284128}