{"dataset.max_df": 0.8, "dataset.min_df": 0.01, "dataset.window_size": 4, "dirichlet_loss": -10361.63285600691, "div_loss": -205.88737386089193, "fcm.embed_dim": 50, "fcm.eta": 10, "fcm.hidden_size": 100, "fcm.inductive": true, "fcm.inductive_dropout": 0.01, "fcm.lam": 1000, "fcm.nconcepts": 2, "fcm.nnegs": 15, "fcm.num_layers": 1, "fcm.rho": 10, "fit.batch_size": 16384, "fit.grad_clip": 1024, "fit.lr": 0.01, "fit.nepochs": 30, "fit.pred_only_epochs": 15, "id": "a6aa5e7378ba040d51927fe525283fdd", "pred_loss": 33.13719745740832, "run_time": 168.065654796, "sgns_loss": 14.8984117044363, "test_auc": 0.9990561914353047, "total_loss": -10519.077502606968, "train_auc": 0.998685699923825}