{"dataset.max_df": 0.8, "dataset.min_df": 0.01, "dataset.window_size": 4, "dirichlet_loss": 0.0, "div_loss": -20.19282512362651, "fcm.embed_dim": 50, "fcm.eta": 1, "fcm.hidden_size": 100, "fcm.inductive": true, "fcm.inductive_dropout": 0.01, "fcm.lam": 0, "fcm.nconcepts": 2, "fcm.nnegs": 15, "fcm.num_layers": 1, "fcm.rho": 1, "fit.batch_size": 16384, "fit.grad_clip": 1024, "fit.lr": 0.01, "fit.nepochs": 30, "fit.pred_only_epochs": 15, "id": "df6a9cdb6fae830c575931c230159ec3", "pred_loss": 3.756022825316156, "run_time": 125.52340251199985, "sgns_loss": 14.902974866553025, "test_auc": 0.998870241338943, "total_loss": -1.4836018556867687, "train_auc": 0.9985128158863916}