{"dataset.max_df": 0.8, "dataset.min_df": 0.01, "dataset.window_size": 4, "dirichlet_loss": -10.360974706837338, "div_loss": 0.0, "fcm.embed_dim": 50, "fcm.eta": 0, "fcm.hidden_size": 100, "fcm.inductive": true, "fcm.inductive_dropout": 0.01, "fcm.lam": 1, "fcm.nconcepts": 2, "fcm.nnegs": 15, "fcm.num_layers": 1, "fcm.rho": 0, "fit.batch_size": 16384, "fit.grad_clip": 1024, "fit.lr": 0.01, "fit.nepochs": 30, "fit.pred_only_epochs": 15, "id": "2ba0d6c6b7db7987529c13afad663567", "pred_loss": 0.0, "run_time": 125.36713660699934, "sgns_loss": 14.90984124687398, "test_auc": 0.9993482161570825, "total_loss": 4.551645579031215, "train_auc": 0.9994672130656999}