{"dataset.max_df": 0.8, "dataset.min_df": 0.01, "dataset.window_size": 4, "dirichlet_loss": -10.360695589468818, "div_loss": -2061.699692017108, "fcm.embed_dim": 50, "fcm.eta": 100, "fcm.hidden_size": 100, "fcm.inductive": true, "fcm.inductive_dropout": 0.01, "fcm.lam": 1, "fcm.nconcepts": 2, "fcm.nnegs": 15, "fcm.num_layers": 1, "fcm.rho": 1, "fit.batch_size": 16384, "fit.grad_clip": 1024, "fit.lr": 0.01, "fit.nepochs": 30, "fit.pred_only_epochs": 15, "id": "cf37b5978d37a6d8cfec4911702cccd2", "pred_loss": 0.2561310279257608, "run_time": 165.38786228000026, "sgns_loss": 14.892140926533989, "test_auc": 0.9966602468088152, "total_loss": -2049.644009767476, "train_auc": 0.9954237055662717}