{"dataset.max_df": 0.8, "dataset.min_df": 0.01, "dataset.window_size": 4, "dirichlet_loss": 0.0, "div_loss": -205.87789995146815, "fcm.embed_dim": 50, "fcm.eta": 10, "fcm.hidden_size": 100, "fcm.inductive": true, "fcm.inductive_dropout": 0.01, "fcm.lam": 0, "fcm.nconcepts": 2, "fcm.nnegs": 15, "fcm.num_layers": 1, "fcm.rho": 100, "fit.batch_size": 16384, "fit.grad_clip": 1024, "fit.lr": 0.01, "fit.nepochs": 30, "fit.pred_only_epochs": 15, "id": "15e69d1447ee7c11041addba1c94aedb", "pred_loss": 447.1849258213057, "run_time": 125.91797346000021, "sgns_loss": 14.900608282744633, "test_auc": 0.9987689592417838, "total_loss": 257.27400753285355, "train_auc": 0.9988869246090284}