{"dataset.max_df": 0.8, "dataset.min_df": 0.01, "dataset.window_size": 4, "dirichlet_loss": -1036.163332504433, "div_loss": -205.89046979499636, "fcm.embed_dim": 50, "fcm.eta": 10, "fcm.hidden_size": 100, "fcm.inductive": true, "fcm.inductive_dropout": 0.01, "fcm.lam": 100, "fcm.nconcepts": 2, "fcm.nnegs": 15, "fcm.num_layers": 1, "fcm.rho": 0, "fit.batch_size": 16384, "fit.grad_clip": 1024, "fit.lr": 0.01, "fit.nepochs": 30, "fit.pred_only_epochs": 15, "id": "fc10dcfee6a8af1bb5e2a02a2ee1372b", "pred_loss": 0.0, "run_time": 140.42257378000022, "sgns_loss": 14.893439213071302, "test_auc": 0.5999293261833072, "total_loss": -1227.1395371776457, "train_auc": 0.5897889843005999}