{"dataset.max_df": 0.8, "dataset.min_df": 0.01, "dataset.window_size": 4, "dirichlet_loss": -10.358286655646342, "div_loss": -20.186247281966487, "fcm.embed_dim": 50, "fcm.eta": 1, "fcm.hidden_size": 100, "fcm.inductive": true, "fcm.inductive_dropout": 0.01, "fcm.lam": 1, "fcm.nconcepts": 2, "fcm.nnegs": 15, "fcm.num_layers": 1, "fcm.rho": 1, "fit.batch_size": 16384, "fit.grad_clip": 1024, "fit.lr": 0.01, "fit.nepochs": 30, "fit.pred_only_epochs": 15, "id": "b0b39c35400b518b67b07169d398cc61", "pred_loss": 0.872654163617485, "run_time": 125.78493144100003, "sgns_loss": 14.90278992987932, "test_auc": 0.9871582607851055, "total_loss": -14.764711661914848, "train_auc": 0.9904930668165562}