{"dataset.max_df": 0.8, "dataset.min_df": 0.01, "dataset.window_size": 4, "dirichlet_loss": -10361.63290442198, "div_loss": -205.86859938989213, "fcm.embed_dim": 50, "fcm.eta": 10, "fcm.hidden_size": 100, "fcm.inductive": true, "fcm.inductive_dropout": 0.01, "fcm.lam": 1000, "fcm.nconcepts": 2, "fcm.nnegs": 15, "fcm.num_layers": 1, "fcm.rho": 100, "fit.batch_size": 16384, "fit.grad_clip": 1024, "fit.lr": 0.01, "fit.nepochs": 30, "fit.pred_only_epochs": 15, "id": "e723316e537e3d76d121406e83ef28fa", "pred_loss": 73.33372959981199, "run_time": 167.31246765499998, "sgns_loss": 14.897526922252862, "test_auc": 0.9983079180234847, "total_loss": -10428.709733447013, "train_auc": 0.9990996924786131}