{"dataset.max_df": 0.8, "dataset.min_df": 0.01, "dataset.window_size": 4, "dirichlet_loss": -10361.632831910463, "div_loss": -20.187074612001105, "fcm.embed_dim": 50, "fcm.eta": 1, "fcm.hidden_size": 100, "fcm.inductive": true, "fcm.inductive_dropout": 0.01, "fcm.lam": 1000, "fcm.nconcepts": 2, "fcm.nnegs": 15, "fcm.num_layers": 1, "fcm.rho": 10, "fit.batch_size": 16384, "fit.grad_clip": 1024, "fit.lr": 0.01, "fit.nepochs": 30, "fit.pred_only_epochs": 15, "id": "eb92b460d28c032ce7a0fa35f0e74431", "pred_loss": 36.329051035914596, "run_time": 129.95490889999996, "sgns_loss": 14.903865393831714, "test_auc": 0.9973887111038408, "total_loss": -10327.96237190505, "train_auc": 0.9961343468019302}