{"dataset.max_df": 0.8, "dataset.min_df": 0.01, "dataset.window_size": 4, "dirichlet_loss": -10.361633291411968, "div_loss": 0.4922798717567587, "fcm.embed_dim": 50, "fcm.eta": 1, "fcm.hidden_size": 100, "fcm.inductive": true, "fcm.inductive_dropout": 0.01, "fcm.lam": 1, "fcm.nconcepts": 2, "fcm.nnegs": 15, "fcm.num_layers": 1, "fcm.rho": 100, "fit.batch_size": 16384, "fit.grad_clip": 1024, "fit.lr": 0.01, "fit.nepochs": 30, "fit.pred_only_epochs": 15, "id": "fa57850092430549585efd29f7734d87", "pred_loss": 48.52161371971678, "run_time": 171.140253369, "sgns_loss": 14.834507661141991, "test_auc": 0.9957159589912941, "total_loss": 53.63170543742584, "train_auc": 0.9968639764744626}