{"dataset.max_df": 0.8, "dataset.min_df": 0.01, "dataset.window_size": 4, "dirichlet_loss": -103.61624803337735, "div_loss": -20.200188744637604, "fcm.embed_dim": 50, "fcm.eta": 1, "fcm.hidden_size": 100, "fcm.inductive": true, "fcm.inductive_dropout": 0.01, "fcm.lam": 10, "fcm.nconcepts": 2, "fcm.nnegs": 15, "fcm.num_layers": 1, "fcm.rho": 0, "fit.batch_size": 16384, "fit.grad_clip": 1024, "fit.lr": 0.01, "fit.nepochs": 30, "fit.pred_only_epochs": 15, "id": "78a13960d6862fa7f9e55f6854a8ad08", "pred_loss": 0.0, "run_time": 139.08165767699984, "sgns_loss": 14.904618456779644, "test_auc": 1.0, "total_loss": -108.90936312798692, "train_auc": 1.0}