{"dataset.max_df": 0.8, "dataset.min_df": 0.01, "dataset.window_size": 4, "dirichlet_loss": 0.0, "div_loss": 0.5079486316910656, "fcm.embed_dim": 50, "fcm.eta": 1, "fcm.hidden_size": 100, "fcm.inductive": true, "fcm.inductive_dropout": 0.01, "fcm.lam": 0, "fcm.nconcepts": 2, "fcm.nnegs": 15, "fcm.num_layers": 1, "fcm.rho": 10, "fit.batch_size": 16384, "fit.grad_clip": 1024, "fit.lr": 0.01, "fit.nepochs": 30, "fit.pred_only_epochs": 15, "id": "eb4c19bcf0c8347b774711ecd17bf262", "pred_loss": 5.827675532273298, "run_time": 125.637994961, "sgns_loss": 14.904030611744473, "test_auc": 0.9944892315085089, "total_loss": 21.241612163669068, "train_auc": 0.9959139815289167}