{"dataset.max_df": 0.8, "dataset.min_df": 0.01, "dataset.window_size": 4, "dirichlet_loss": -10361.632851098751, "div_loss": -20620.24119635642, "fcm.embed_dim": 50, "fcm.eta": 1000, "fcm.hidden_size": 100, "fcm.inductive": true, "fcm.inductive_dropout": 0.01, "fcm.lam": 1000, "fcm.nconcepts": 2, "fcm.nnegs": 15, "fcm.num_layers": 1, "fcm.rho": 0, "fit.batch_size": 16384, "fit.grad_clip": 1024, "fit.lr": 0.01, "fit.nepochs": 30, "fit.pred_only_epochs": 15, "id": "381975250cde6313d69a50b99c736460", "pred_loss": 0.0, "run_time": 141.71288274900007, "sgns_loss": 14.892792503558153, "test_auc": 0.5387674000725908, "total_loss": -30966.956230608386, "train_auc": 0.5410306596917703}