{"dataset.max_df": 0.8, "dataset.min_df": 0.01, "dataset.window_size": 4, "dirichlet_loss": -103.61627744242219, "div_loss": -20620.129298399937, "fcm.embed_dim": 50, "fcm.eta": 1000, "fcm.hidden_size": 100, "fcm.inductive": true, "fcm.inductive_dropout": 0.01, "fcm.lam": 10, "fcm.nconcepts": 2, "fcm.nnegs": 15, "fcm.num_layers": 1, "fcm.rho": 1, "fit.batch_size": 16384, "fit.grad_clip": 1024, "fit.lr": 0.01, "fit.nepochs": 30, "fit.pred_only_epochs": 15, "id": "f5f8c9fd89fc0eea837154747afcb7ac", "pred_loss": 10.28221004283153, "run_time": 167.85298837799996, "sgns_loss": 14.890363973983835, "test_auc": 0.9984877975840545, "total_loss": -20698.071759187955, "train_auc": 0.9978328685663205}