{"dataset.max_df": 0.8, "dataset.min_df": 0.01, "dataset.window_size": 4, "dirichlet_loss": -10360.530141157973, "div_loss": -204.26154410089825, "fcm.embed_dim": 50, "fcm.eta": 10, "fcm.hidden_size": 100, "fcm.inductive": true, "fcm.inductive_dropout": 0.01, "fcm.lam": 1000, "fcm.nconcepts": 2, "fcm.nnegs": 15, "fcm.num_layers": 1, "fcm.rho": 1000, "fit.batch_size": 16384, "fit.grad_clip": 1024, "fit.lr": 0.01, "fit.nepochs": 30, "fit.pred_only_epochs": 15, "id": "26d0da2408e2b844d307f4fda7f79ce1", "pred_loss": 1004.0311409737612, "run_time": 126.982112508, "sgns_loss": 18.569593595602004, "test_auc": 0.9460490716553265, "total_loss": -9540.0244778631, "train_auc": 0.9839294630692859}