{"dataset.max_df": 0.8, "dataset.min_df": 0.01, "dataset.window_size": 4, "dirichlet_loss": -10361.632889919676, "div_loss": -20.188360563736403, "fcm.embed_dim": 50, "fcm.eta": 1, "fcm.hidden_size": 100, "fcm.inductive": true, "fcm.inductive_dropout": 0.01, "fcm.lam": 1000, "fcm.nconcepts": 2, "fcm.nnegs": 15, "fcm.num_layers": 1, "fcm.rho": 100, "fit.batch_size": 16384, "fit.grad_clip": 1024, "fit.lr": 0.01, "fit.nepochs": 30, "fit.pred_only_epochs": 15, "id": "dd0c57672414857f583e28a098404ab6", "pred_loss": 30.771202344287847, "run_time": 168.20036402999995, "sgns_loss": 14.903554767372304, "test_auc": 0.9934642694653327, "total_loss": -10336.140922255085, "train_auc": 0.9942612369096181}