{"dataset.max_df": 0.8, "dataset.min_df": 0.01, "dataset.window_size": 4, "dirichlet_loss": -10360.126303368867, "div_loss": 0.0, "fcm.embed_dim": 50, "fcm.eta": 0, "fcm.hidden_size": 100, "fcm.inductive": true, "fcm.inductive_dropout": 0.01, "fcm.lam": 1000, "fcm.nconcepts": 2, "fcm.nnegs": 15, "fcm.num_layers": 1, "fcm.rho": 1000, "fit.batch_size": 16384, "fit.grad_clip": 1024, "fit.lr": 0.01, "fit.nepochs": 30, "fit.pred_only_epochs": 15, "id": "b54196895fab56042829b48059bb5419", "pred_loss": 1497.4129689749477, "run_time": 124.89202733099955, "sgns_loss": 14.922153265194325, "test_auc": 0.9745015131609216, "total_loss": -8846.577438200404, "train_auc": 0.9966946071236622}