{"dataset.max_df": 0.8, "dataset.min_df": 0.01, "dataset.window_size": 4, "dirichlet_loss": -10361.63286091507, "div_loss": -2061.7093379425605, "fcm.embed_dim": 50, "fcm.eta": 100, "fcm.hidden_size": 100, "fcm.inductive": true, "fcm.inductive_dropout": 0.01, "fcm.lam": 1000, "fcm.nconcepts": 2, "fcm.nnegs": 15, "fcm.num_layers": 1, "fcm.rho": 100, "fit.batch_size": 16384, "fit.grad_clip": 1024, "fit.lr": 0.01, "fit.nepochs": 30, "fit.pred_only_epochs": 15, "id": "50963519391209a0493d478ef30638a9", "pred_loss": 479.7756712971637, "run_time": 131.48045102700007, "sgns_loss": 14.972878539734772, "test_auc": 0.9930476390088796, "total_loss": -11879.812331809184, "train_auc": 0.9938624848069681}