{"dataset.max_df": 0.8, "dataset.min_df": 0.01, "dataset.window_size": 4, "dirichlet_loss": -103.61628904770471, "div_loss": -20621.549125262896, "fcm.embed_dim": 50, "fcm.eta": 1000, "fcm.hidden_size": 100, "fcm.inductive": true, "fcm.inductive_dropout": 0.01, "fcm.lam": 10, "fcm.nconcepts": 2, "fcm.nnegs": 15, "fcm.num_layers": 1, "fcm.rho": 0, "fit.batch_size": 16384, "fit.grad_clip": 1024, "fit.lr": 0.01, "fit.nepochs": 30, "fit.pred_only_epochs": 15, "id": "4231e96eaddbb5ed5e178b15c1112c55", "pred_loss": 0.0, "run_time": 139.26302399199994, "sgns_loss": 14.892769157445821, "test_auc": 0.5321947670703466, "total_loss": -20710.246529743672, "train_auc": 0.5324416176062734}