{"dataset.max_df": 0.8, "dataset.min_df": 0.01, "dataset.window_size": 4, "dirichlet_loss": 0.0, "div_loss": -2061.6821901402886, "fcm.embed_dim": 50, "fcm.eta": 100, "fcm.hidden_size": 100, "fcm.inductive": true, "fcm.inductive_dropout": 0.01, "fcm.lam": 0, "fcm.nconcepts": 2, "fcm.nnegs": 15, "fcm.num_layers": 1, "fcm.rho": 1000, "fit.batch_size": 16384, "fit.grad_clip": 1024, "fit.lr": 0.01, "fit.nepochs": 30, "fit.pred_only_epochs": 15, "id": "d5d5eaf93ea7578b7ad76e76de0e5930", "pred_loss": 6014.391003316807, "run_time": 127.75893517299937, "sgns_loss": 14.898132491954744, "test_auc": 0.9991966125132273, "total_loss": 3981.614586890044, "train_auc": 0.9995496738015787}