{"dataset.max_df": 0.8, "dataset.min_df": 0.01, "dataset.window_size": 4, "dirichlet_loss": -1036.1633343172207, "div_loss": -205.87266008948907, "fcm.embed_dim": 50, "fcm.eta": 10, "fcm.hidden_size": 100, "fcm.inductive": true, "fcm.inductive_dropout": 0.01, "fcm.lam": 100, "fcm.nconcepts": 2, "fcm.nnegs": 15, "fcm.num_layers": 1, "fcm.rho": 10, "fit.batch_size": 16384, "fit.grad_clip": 1024, "fit.lr": 0.01, "fit.nepochs": 30, "fit.pred_only_epochs": 15, "id": "bcebd820f90a7d6da559a7bd3e0841f1", "pred_loss": 10.271132104530736, "run_time": 167.377659773, "sgns_loss": 14.897443405389797, "test_auc": 0.9969182445799699, "total_loss": -1216.8491094087503, "train_auc": 0.9970359678930689}