{"dataset.max_df": 0.8, "dataset.min_df": 0.01, "dataset.window_size": 4, "dirichlet_loss": -10.361050448349415, "div_loss": -20621.21100437842, "fcm.embed_dim": 50, "fcm.eta": 1000, "fcm.hidden_size": 100, "fcm.inductive": true, "fcm.inductive_dropout": 0.01, "fcm.lam": 1, "fcm.nconcepts": 2, "fcm.nnegs": 15, "fcm.num_layers": 1, "fcm.rho": 0, "fit.batch_size": 16384, "fit.grad_clip": 1024, "fit.lr": 0.01, "fit.nepochs": 30, "fit.pred_only_epochs": 15, "id": "ce1d8b8b27a6f8660fd60569e8d7c710", "pred_loss": 0.0, "run_time": 140.9728167730002, "sgns_loss": 14.88878270773994, "test_auc": 0.9611524049545794, "total_loss": -20616.65144933323, "train_auc": 0.9597965342329362}