{"dataset.max_df": 0.8, "dataset.min_df": 0.01, "dataset.window_size": 4, "dirichlet_loss": -10.354146525241811, "div_loss": -204.21059356981857, "fcm.embed_dim": 50, "fcm.eta": 10, "fcm.hidden_size": 100, "fcm.inductive": true, "fcm.inductive_dropout": 0.01, "fcm.lam": 1, "fcm.nconcepts": 2, "fcm.nnegs": 15, "fcm.num_layers": 1, "fcm.rho": 1000, "fit.batch_size": 16384, "fit.grad_clip": 1024, "fit.lr": 0.01, "fit.nepochs": 30, "fit.pred_only_epochs": 15, "id": "5f86163b8ce9c800e67417fac1220fe3", "pred_loss": 5075.728074151387, "run_time": 168.68552638199992, "sgns_loss": 18.5199746331214, "test_auc": 0.9664098084522306, "total_loss": 4879.971707170257, "train_auc": 0.9855002946960771}