{"dataset.max_df": 0.8, "dataset.min_df": 0.01, "dataset.window_size": 4, "dirichlet_loss": 0.0, "div_loss": -205.88630522271347, "fcm.embed_dim": 50, "fcm.eta": 10, "fcm.hidden_size": 100, "fcm.inductive": true, "fcm.inductive_dropout": 0.01, "fcm.lam": 0, "fcm.nconcepts": 2, "fcm.nnegs": 15, "fcm.num_layers": 1, "fcm.rho": 1, "fit.batch_size": 16384, "fit.grad_clip": 1024, "fit.lr": 0.01, "fit.nepochs": 30, "fit.pred_only_epochs": 15, "id": "05cd7eb1274ebf91bfc9fb0c9fa2118d", "pred_loss": 0.10085493973335834, "run_time": 126.59769806500026, "sgns_loss": 14.892117379228015, "test_auc": 0.9937780203152078, "total_loss": -190.87019282051963, "train_auc": 0.9949256648341676}