{"dataset.max_df": 0.8, "dataset.min_df": 0.01, "dataset.window_size": 4, "dirichlet_loss": 0.0, "div_loss": -2061.885161699694, "fcm.embed_dim": 50, "fcm.eta": 100, "fcm.hidden_size": 100, "fcm.inductive": true, "fcm.inductive_dropout": 0.01, "fcm.lam": 0, "fcm.nconcepts": 2, "fcm.nnegs": 15, "fcm.num_layers": 1, "fcm.rho": 1, "fit.batch_size": 16384, "fit.grad_clip": 1024, "fit.lr": 0.01, "fit.nepochs": 30, "fit.pred_only_epochs": 15, "id": "7c7bf876269e98fe220d0a4aea2a450a", "pred_loss": 0.3844591777792339, "run_time": 126.16274297200016, "sgns_loss": 14.897147001737387, "test_auc": 0.99184503391832, "total_loss": -2046.5822151967138, "train_auc": 0.9933246312464832}