{"dataset.max_df": 0.8, "dataset.min_df": 0.01, "dataset.window_size": 4, "dirichlet_loss": 0.0, "div_loss": -20621.594066326186, "fcm.embed_dim": 50, "fcm.eta": 1000, "fcm.hidden_size": 100, "fcm.inductive": true, "fcm.inductive_dropout": 0.01, "fcm.lam": 0, "fcm.nconcepts": 2, "fcm.nnegs": 15, "fcm.num_layers": 1, "fcm.rho": 100, "fit.batch_size": 16384, "fit.grad_clip": 1024, "fit.lr": 0.01, "fit.nepochs": 30, "fit.pred_only_epochs": 15, "id": "a384c4496cb5ff68e3233775548a2cf1", "pred_loss": 58.95392030046062, "run_time": 125.90900980799961, "sgns_loss": 14.897647007011447, "test_auc": 0.9947534595663977, "total_loss": -20547.71978465375, "train_auc": 0.9958257390574518}