{"dataset.max_df": 0.8, "dataset.min_df": 0.01, "dataset.window_size": 4, "dirichlet_loss": -1036.1631246195668, "div_loss": -20.18592341397916, "fcm.embed_dim": 50, "fcm.eta": 1, "fcm.hidden_size": 100, "fcm.inductive": true, "fcm.inductive_dropout": 0.01, "fcm.lam": 100, "fcm.nconcepts": 2, "fcm.nnegs": 15, "fcm.num_layers": 1, "fcm.rho": 10, "fit.batch_size": 16384, "fit.grad_clip": 1024, "fit.lr": 0.01, "fit.nepochs": 30, "fit.pred_only_epochs": 15, "id": "db6a5e29a8bbb017edc27b49efcf2384", "pred_loss": 41.61372525838678, "run_time": 125.09991069900025, "sgns_loss": 14.906156708298697, "test_auc": 0.9985679925568842, "total_loss": -998.1815417799232, "train_auc": 0.9979353219352536}