{"dataset.max_df": 0.8, "dataset.min_df": 0.01, "dataset.window_size": 4, "dirichlet_loss": -103.61332827517604, "div_loss": 0.0, "fcm.embed_dim": 50, "fcm.eta": 0, "fcm.hidden_size": 100, "fcm.inductive": true, "fcm.inductive_dropout": 0.01, "fcm.lam": 10, "fcm.nconcepts": 2, "fcm.nnegs": 15, "fcm.num_layers": 1, "fcm.rho": 10, "fit.batch_size": 16384, "fit.grad_clip": 1024, "fit.lr": 0.01, "fit.nepochs": 30, "fit.pred_only_epochs": 15, "id": "331a18fd8d6ffd033c5d49d3592e3d9b", "pred_loss": 7.154978536658735, "run_time": 124.14561003999984, "sgns_loss": 14.964423848123312, "test_auc": 0.9950806294953917, "total_loss": -80.01563044619839, "train_auc": 0.995905567582129}