{"dataset.max_df": 0.8, "dataset.min_df": 0.01, "dataset.window_size": 4, "dirichlet_loss": -10.361568994089366, "div_loss": -205.89709054787826, "fcm.embed_dim": 50, "fcm.eta": 10, "fcm.hidden_size": 100, "fcm.inductive": true, "fcm.inductive_dropout": 0.01, "fcm.lam": 1, "fcm.nconcepts": 2, "fcm.nnegs": 15, "fcm.num_layers": 1, "fcm.rho": 100, "fit.batch_size": 16384, "fit.grad_clip": 1024, "fit.lr": 0.01, "fit.nepochs": 30, "fit.pred_only_epochs": 15, "id": "865e5fc7518536c0976b1805c0cd2ab2", "pred_loss": 55.6099348078031, "run_time": 131.3058159100001, "sgns_loss": 14.913761245753838, "test_auc": 0.9955573263059959, "total_loss": -145.72830412348222, "train_auc": 0.9961971496368147}