{"dataset.max_df": 0.8, "dataset.min_df": 0.01, "dataset.window_size": 4, "dirichlet_loss": -1036.0749337986967, "div_loss": -205.00947663368146, "fcm.embed_dim": 50, "fcm.eta": 10, "fcm.hidden_size": 100, "fcm.inductive": true, "fcm.inductive_dropout": 0.01, "fcm.lam": 100, "fcm.nconcepts": 2, "fcm.nnegs": 15, "fcm.num_layers": 1, "fcm.rho": 1000, "fit.batch_size": 16384, "fit.grad_clip": 1024, "fit.lr": 0.01, "fit.nepochs": 30, "fit.pred_only_epochs": 15, "id": "3bdd3b4f2099613735c400b422cbe92a", "pred_loss": 533.0514988540706, "run_time": 126.03738109699998, "sgns_loss": 21.0836800973421, "test_auc": 0.9960114982337935, "total_loss": -683.1625202981396, "train_auc": 0.9965731551744597}