{"dataset.max_df": 0.8, "dataset.min_df": 0.01, "dataset.window_size": 4, "dirichlet_loss": -103.61615089757778, "div_loss": -20620.512369719676, "fcm.embed_dim": 50, "fcm.eta": 1000, "fcm.hidden_size": 100, "fcm.inductive": true, "fcm.inductive_dropout": 0.01, "fcm.lam": 10, "fcm.nconcepts": 2, "fcm.nnegs": 15, "fcm.num_layers": 1, "fcm.rho": 1000, "fit.batch_size": 16384, "fit.grad_clip": 1024, "fit.lr": 0.01, "fit.nepochs": 30, "fit.pred_only_epochs": 15, "id": "b206004612839599abca6835c8d00fb6", "pred_loss": 5119.99209656275, "run_time": 165.17881577000026, "sgns_loss": 14.873854739752558, "test_auc": 0.9975475035400808, "total_loss": -15488.054218141737, "train_auc": 0.9976955675612336}