{"dataset.max_df": 0.8, "dataset.min_df": 0.01, "dataset.window_size": 4, "dirichlet_loss": -10.358955876938076, "div_loss": -20621.02204566478, "fcm.embed_dim": 50, "fcm.eta": 1000, "fcm.hidden_size": 100, "fcm.inductive": true, "fcm.inductive_dropout": 0.01, "fcm.lam": 1, "fcm.nconcepts": 2, "fcm.nnegs": 15, "fcm.num_layers": 1, "fcm.rho": 10, "fit.batch_size": 16384, "fit.grad_clip": 1024, "fit.lr": 0.01, "fit.nepochs": 30, "fit.pred_only_epochs": 15, "id": "5715196f090a90b741f5f8bb296a0a84", "pred_loss": 7.1875369969955, "run_time": 126.67047043000002, "sgns_loss": 14.896296315588412, "test_auc": 0.9935636345511892, "total_loss": -20609.274244186, "train_auc": 0.9944367379431591}