{"dataset.max_df": 0.8, "dataset.min_df": 0.01, "dataset.window_size": 4, "dirichlet_loss": -103.48350818351818, "div_loss": 0.48684309470894305, "fcm.embed_dim": 50, "fcm.eta": 1, "fcm.hidden_size": 100, "fcm.inductive": true, "fcm.inductive_dropout": 0.01, "fcm.lam": 10, "fcm.nconcepts": 2, "fcm.nnegs": 15, "fcm.num_layers": 1, "fcm.rho": 10, "fit.batch_size": 16384, "fit.grad_clip": 1024, "fit.lr": 0.01, "fit.nepochs": 30, "fit.pred_only_epochs": 15, "id": "214b4f0a1aafff224a3e69f1a3fdd2eb", "pred_loss": 10.460574410809775, "run_time": 124.82220720199984, "sgns_loss": 14.713888340012641, "test_auc": 0.9988379716486808, "total_loss": -76.67269995054987, "train_auc": 0.9994209541093098}