{"dataset.max_df": 0.8, "dataset.min_df": 0.01, "dataset.window_size": 4, "dirichlet_loss": 0.0, "div_loss": 0.4922084659979683, "fcm.embed_dim": 50, "fcm.eta": 1, "fcm.hidden_size": 100, "fcm.inductive": true, "fcm.inductive_dropout": 0.01, "fcm.lam": 0, "fcm.nconcepts": 2, "fcm.nnegs": 15, "fcm.num_layers": 1, "fcm.rho": 1000, "fit.batch_size": 16384, "fit.grad_clip": 1024, "fit.lr": 0.01, "fit.nepochs": 30, "fit.pred_only_epochs": 15, "id": "ea2d2f54a7641fdf2c42d61afe96d8d4", "pred_loss": 268.735638814097, "run_time": 126.08555680300015, "sgns_loss": 14.859667610811616, "test_auc": 0.996899074466943, "total_loss": 284.08751489090656, "train_auc": 0.9985596073710598}