{"dataset.max_df": 0.8, "dataset.min_df": 0.01, "dataset.window_size": 4, "dirichlet_loss": -103.61633319780172, "div_loss": -2061.758579105497, "fcm.embed_dim": 50, "fcm.eta": 100, "fcm.hidden_size": 100, "fcm.inductive": true, "fcm.inductive_dropout": 0.01, "fcm.lam": 10, "fcm.nconcepts": 2, "fcm.nnegs": 15, "fcm.num_layers": 1, "fcm.rho": 10, "fit.batch_size": 16384, "fit.grad_clip": 1024, "fit.lr": 0.01, "fit.nepochs": 30, "fit.pred_only_epochs": 15, "id": "6fee4e75adc8cc650b3fc80e2f0d76d6", "pred_loss": 15.45658855251227, "run_time": 169.9349890970002, "sgns_loss": 14.898451729017747, "test_auc": 0.9995498218457495, "total_loss": -2134.861529173416, "train_auc": 0.9992681337087013}