{"dataset.max_df": 0.8, "dataset.min_df": 0.01, "dataset.window_size": 4, "dirichlet_loss": -1036.163336715757, "div_loss": -2061.847031250416, "fcm.embed_dim": 50, "fcm.eta": 100, "fcm.hidden_size": 100, "fcm.inductive": true, "fcm.inductive_dropout": 0.01, "fcm.lam": 100, "fcm.nconcepts": 2, "fcm.nnegs": 15, "fcm.num_layers": 1, "fcm.rho": 1, "fit.batch_size": 16384, "fit.grad_clip": 1024, "fit.lr": 0.01, "fit.nepochs": 30, "fit.pred_only_epochs": 15, "id": "b2f15f4ab4172217e0260d0e76b9f50a", "pred_loss": 0.40848580402004614, "run_time": 131.3821147010001, "sgns_loss": 14.896122712716249, "test_auc": 0.9908959535725423, "total_loss": -3082.6811438965783, "train_auc": 0.9927640159058995}