{"dataset.max_df": 0.8, "dataset.min_df": 0.01, "dataset.window_size": 4, "dirichlet_loss": -10361.63286091507, "div_loss": -205.88207569335287, "fcm.embed_dim": 50, "fcm.eta": 10, "fcm.hidden_size": 100, "fcm.inductive": true, "fcm.inductive_dropout": 0.01, "fcm.lam": 1000, "fcm.nconcepts": 2, "fcm.nnegs": 15, "fcm.num_layers": 1, "fcm.rho": 0, "fit.batch_size": 16384, "fit.grad_clip": 1024, "fit.lr": 0.01, "fit.nepochs": 30, "fit.pred_only_epochs": 15, "id": "22bb40a632582d574ea075d0ea504566", "pred_loss": 0.0, "run_time": 141.63648947399997, "sgns_loss": 14.891209143673457, "test_auc": 0.5554746328284351, "total_loss": -10552.599088176456, "train_auc": 0.548500880152594}