{"dataset.max_df": 0.8, "dataset.min_df": 0.01, "dataset.window_size": 4, "dirichlet_loss": -10.360984100260481, "div_loss": -205.88883400887772, "fcm.embed_dim": 50, "fcm.eta": 10, "fcm.hidden_size": 100, "fcm.inductive": true, "fcm.inductive_dropout": 0.01, "fcm.lam": 1, "fcm.nconcepts": 2, "fcm.nnegs": 15, "fcm.num_layers": 1, "fcm.rho": 0, "fit.batch_size": 16384, "fit.grad_clip": 1024, "fit.lr": 0.01, "fit.nepochs": 30, "fit.pred_only_epochs": 15, "id": "dcbbd968de0f5c4890a80b4d1bee94d5", "pred_loss": 0.0, "run_time": 137.40317121900011, "sgns_loss": 14.889332425571391, "test_auc": 0.5204754379731823, "total_loss": -201.3319754331129, "train_auc": 0.5158523474160928}