{"dataset.max_df": 0.8, "dataset.min_df": 0.01, "dataset.window_size": 4, "dirichlet_loss": -1035.9972693785023, "div_loss": 0.49681333391954147, "fcm.embed_dim": 50, "fcm.eta": 1, "fcm.hidden_size": 100, "fcm.inductive": true, "fcm.inductive_dropout": 0.01, "fcm.lam": 100, "fcm.nconcepts": 2, "fcm.nnegs": 15, "fcm.num_layers": 1, "fcm.rho": 1000, "fit.batch_size": 16384, "fit.grad_clip": 1024, "fit.lr": 0.01, "fit.nepochs": 30, "fit.pred_only_epochs": 15, "id": "e3f20cb98c948e8034dd842bad76ba24", "pred_loss": 495.4806173054498, "run_time": 124.67222668300019, "sgns_loss": 14.86130241300435, "test_auc": 0.9974979807480944, "total_loss": -524.7380933584557, "train_auc": 0.998211141152919}