{"dataset.max_df": 0.8, "dataset.min_df": 0.01, "dataset.window_size": 4, "dirichlet_loss": 0.0, "div_loss": 0.0, "fcm.embed_dim": 50, "fcm.eta": 0, "fcm.hidden_size": 100, "fcm.inductive": true, "fcm.inductive_dropout": 0.01, "fcm.lam": 0, "fcm.nconcepts": 2, "fcm.nnegs": 15, "fcm.num_layers": 1, "fcm.rho": 0, "fit.batch_size": 16384, "fit.grad_clip": 1024, "fit.lr": 0.01, "fit.nepochs": 30, "fit.pred_only_epochs": 15, "id": "85918621f8707d9e0d99865f428d9ec8", "pred_loss": 0.0, "run_time": 144.82031104399994, "sgns_loss": 14.909671102791702, "test_auc": 0.9827430642531069, "total_loss": 14.909671102791702, "train_auc": 0.9832888974832754}