{"dataset.max_df": 0.8, "dataset.min_df": 0.01, "dataset.window_size": 4, "dirichlet_loss": 0.0, "div_loss": -2061.727354651158, "fcm.embed_dim": 50, "fcm.eta": 100, "fcm.hidden_size": 100, "fcm.inductive": true, "fcm.inductive_dropout": 0.01, "fcm.lam": 0, "fcm.nconcepts": 2, "fcm.nnegs": 15, "fcm.num_layers": 1, "fcm.rho": 0, "fit.batch_size": 16384, "fit.grad_clip": 1024, "fit.lr": 0.01, "fit.nepochs": 30, "fit.pred_only_epochs": 15, "id": "770f44b49f36e69c9772f100f51a15cf", "pred_loss": 0.0, "run_time": 142.84801166800025, "sgns_loss": 14.89150610246123, "test_auc": 0.9827430642531069, "total_loss": -2046.8077647822565, "train_auc": 0.9832888974832754}