{"dataset.max_df": 0.8, "dataset.min_df": 0.01, "dataset.window_size": 4, "dirichlet_loss": -1036.1633355164888, "div_loss": 0.0, "fcm.embed_dim": 50, "fcm.eta": 0, "fcm.hidden_size": 100, "fcm.inductive": true, "fcm.inductive_dropout": 0.01, "fcm.lam": 100, "fcm.nconcepts": 2, "fcm.nnegs": 15, "fcm.num_layers": 1, "fcm.rho": 10, "fit.batch_size": 16384, "fit.grad_clip": 1024, "fit.lr": 0.01, "fit.nepochs": 30, "fit.pred_only_epochs": 15, "id": "ffa93a91c04aa009b4f7759a92638ecf", "pred_loss": 36.329051035914596, "run_time": 124.04159639099998, "sgns_loss": 14.910881988759803, "test_auc": 0.9973893501076083, "total_loss": -982.3225812174927, "train_auc": 0.9961351532018938}