{"dataset.max_df": 0.8, "dataset.min_df": 0.01, "dataset.window_size": 4, "dirichlet_loss": -10.35821655370645, "div_loss": -20620.01606578718, "fcm.embed_dim": 50, "fcm.eta": 1000, "fcm.hidden_size": 100, "fcm.inductive": true, "fcm.inductive_dropout": 0.01, "fcm.lam": 1, "fcm.nconcepts": 2, "fcm.nnegs": 15, "fcm.num_layers": 1, "fcm.rho": 1, "fit.batch_size": 16384, "fit.grad_clip": 1024, "fit.lr": 0.01, "fit.nepochs": 30, "fit.pred_only_epochs": 15, "id": "fbb378324f3cd45bfed6e9299076b311", "pred_loss": 0.44694873720283956, "run_time": 127.18961032900006, "sgns_loss": 14.897002150865724, "test_auc": 0.9898984686913713, "total_loss": -20615.00749609621, "train_auc": 0.9921645361444389}