{"dataset.max_df": 0.8, "dataset.min_df": 0.01, "dataset.window_size": 4, "dirichlet_loss": -1036.163336715757, "div_loss": -20621.596531717798, "fcm.embed_dim": 50, "fcm.eta": 1000, "fcm.hidden_size": 100, "fcm.inductive": true, "fcm.inductive_dropout": 0.01, "fcm.lam": 100, "fcm.nconcepts": 2, "fcm.nnegs": 15, "fcm.num_layers": 1, "fcm.rho": 0, "fit.batch_size": 16384, "fit.grad_clip": 1024, "fit.lr": 0.01, "fit.nepochs": 30, "fit.pred_only_epochs": 15, "id": "c74ad49eacfb79d70e4c65926a1f5044", "pred_loss": 0.0, "run_time": 141.10426777399994, "sgns_loss": 14.89175768882935, "test_auc": 0.9999993609962324, "total_loss": -21642.839331952655, "train_auc": 0.9999996652679397}