{"dataset.max_df": 0.8, "dataset.min_df": 0.01, "dataset.window_size": 4, "dirichlet_loss": -103.61633312111175, "div_loss": -20621.519296932995, "fcm.embed_dim": 50, "fcm.eta": 1000, "fcm.hidden_size": 100, "fcm.inductive": true, "fcm.inductive_dropout": 0.01, "fcm.lam": 10, "fcm.nconcepts": 2, "fcm.nnegs": 15, "fcm.num_layers": 1, "fcm.rho": 100, "fit.batch_size": 16384, "fit.grad_clip": 1024, "fit.lr": 0.01, "fit.nepochs": 30, "fit.pred_only_epochs": 15, "id": "9edaf5a7d6e468bf41cc9aafbbca8495", "pred_loss": 448.8972738584253, "run_time": 126.39404154399995, "sgns_loss": 14.875160857606735, "test_auc": 0.9899919229923778, "total_loss": -20239.23894874449, "train_auc": 0.9920684731148383}