{"dataset.max_df": 0.8, "dataset.min_df": 0.01, "dataset.window_size": 4, "dirichlet_loss": -1036.1580530524025, "div_loss": -20620.732443226596, "fcm.embed_dim": 50, "fcm.eta": 1000, "fcm.hidden_size": 100, "fcm.inductive": true, "fcm.inductive_dropout": 0.01, "fcm.lam": 100, "fcm.nconcepts": 2, "fcm.nnegs": 15, "fcm.num_layers": 1, "fcm.rho": 100, "fit.batch_size": 16384, "fit.grad_clip": 1024, "fit.lr": 0.01, "fit.nepochs": 30, "fit.pred_only_epochs": 15, "id": "4b3332cb435a18d7123faaaadeb2aafe", "pred_loss": 86.47178782284533, "run_time": 132.44607677600004, "sgns_loss": 15.062407676913383, "test_auc": 0.9977526237494696, "total_loss": -21517.156309030062, "train_auc": 0.9983521292823669}