{"dataset.max_df": 0.8, "dataset.min_df": 0.01, "dataset.window_size": 4, "dirichlet_loss": -1036.1633343172207, "div_loss": -20619.89218848358, "fcm.embed_dim": 50, "fcm.eta": 1000, "fcm.hidden_size": 100, "fcm.inductive": true, "fcm.inductive_dropout": 0.01, "fcm.lam": 100, "fcm.nconcepts": 2, "fcm.nnegs": 15, "fcm.num_layers": 1, "fcm.rho": 1, "fit.batch_size": 16384, "fit.grad_clip": 1024, "fit.lr": 0.01, "fit.nepochs": 30, "fit.pred_only_epochs": 15, "id": "3cbb1803d139f091e00dde4e4ac28352", "pred_loss": 3.284903302901202, "run_time": 125.79719345800004, "sgns_loss": 14.895978172334416, "test_auc": 0.7581389909874908, "total_loss": -21637.73006270045, "train_auc": 0.7663712784717767}