{"dataset.max_df": 0.8, "dataset.min_df": 0.01, "dataset.window_size": 4, "dirichlet_loss": -10361.632846412766, "div_loss": -20620.09556337569, "fcm.embed_dim": 50, "fcm.eta": 1000, "fcm.hidden_size": 100, "fcm.inductive": true, "fcm.inductive_dropout": 0.01, "fcm.lam": 1000, "fcm.nconcepts": 2, "fcm.nnegs": 15, "fcm.num_layers": 1, "fcm.rho": 1, "fit.batch_size": 16384, "fit.grad_clip": 1024, "fit.lr": 0.01, "fit.nepochs": 30, "fit.pred_only_epochs": 15, "id": "341a0038e4ea4c79cdca2bd86ad65725", "pred_loss": 0.9666275577770158, "run_time": 143.40845620700003, "sgns_loss": 14.897280349616722, "test_auc": 0.9992105108451719, "total_loss": -30965.841611718533, "train_auc": 0.9989971123172331}