{"dataset.max_df": 0.8, "dataset.min_df": 0.01, "dataset.window_size": 4, "dirichlet_loss": -103.61587052028675, "div_loss": -2061.8961515978517, "fcm.embed_dim": 50, "fcm.eta": 100, "fcm.hidden_size": 100, "fcm.inductive": true, "fcm.inductive_dropout": 0.01, "fcm.lam": 10, "fcm.nconcepts": 2, "fcm.nnegs": 15, "fcm.num_layers": 1, "fcm.rho": 100, "fit.batch_size": 16384, "fit.grad_clip": 1024, "fit.lr": 0.01, "fit.nepochs": 30, "fit.pred_only_epochs": 15, "id": "d4eb0f0b5cd18de4e6231b79edcf6787", "pred_loss": 250.48156683451717, "run_time": 166.93692200899977, "sgns_loss": 14.976389337205756, "test_auc": 0.9970299104883522, "total_loss": -1885.5588272072948, "train_auc": 0.9969367147654997}