{"dataset.max_df": 0.8, "dataset.min_df": 0.01, "dataset.window_size": 4, "dirichlet_loss": -1036.163332504433, "div_loss": 0.0, "fcm.embed_dim": 50, "fcm.eta": 0, "fcm.hidden_size": 100, "fcm.inductive": true, "fcm.inductive_dropout": 0.01, "fcm.lam": 100, "fcm.nconcepts": 2, "fcm.nnegs": 15, "fcm.num_layers": 1, "fcm.rho": 1, "fit.batch_size": 16384, "fit.grad_clip": 1024, "fit.lr": 0.01, "fit.nepochs": 30, "fit.pred_only_epochs": 15, "id": "298b4194f1ccebf9954d112a07f8facf", "pred_loss": 0.6165791331203654, "run_time": 124.34018044899994, "sgns_loss": 14.911327211512374, "test_auc": 0.9789847635941662, "total_loss": -1020.5586706088943, "train_auc": 0.9825936843525767}