{"dataset.max_df": 0.8, "dataset.min_df": 0.01, "dataset.window_size": 4, "dirichlet_loss": -103.61633334771024, "div_loss": -2061.682452408793, "fcm.embed_dim": 50, "fcm.eta": 100, "fcm.hidden_size": 100, "fcm.inductive": true, "fcm.inductive_dropout": 0.01, "fcm.lam": 10, "fcm.nconcepts": 2, "fcm.nnegs": 15, "fcm.num_layers": 1, "fcm.rho": 1, "fit.batch_size": 16384, "fit.grad_clip": 1024, "fit.lr": 0.01, "fit.nepochs": 30, "fit.pred_only_epochs": 15, "id": "872fdd7902e41e3a6f63c489bf6027f1", "pred_loss": 4.207966302011922, "run_time": 170.36166537499997, "sgns_loss": 14.897246502253326, "test_auc": 0.8411567629602744, "total_loss": -2145.9084727094746, "train_auc": 0.8506495080037174}