{"dataset.max_df": 0.8, "dataset.min_df": 0.01, "dataset.window_size": 4, "dirichlet_loss": -1036.1633355164888, "div_loss": 0.0, "fcm.embed_dim": 50, "fcm.eta": 0, "fcm.hidden_size": 100, "fcm.inductive": true, "fcm.inductive_dropout": 0.01, "fcm.lam": 100, "fcm.nconcepts": 2, "fcm.nnegs": 15, "fcm.num_layers": 1, "fcm.rho": 0, "fit.batch_size": 16384, "fit.grad_clip": 1024, "fit.lr": 0.01, "fit.nepochs": 30, "fit.pred_only_epochs": 15, "id": "3d1589a0a04a8b2fc483c7b12740f808", "pred_loss": 0.0, "run_time": 127.96223683300013, "sgns_loss": 14.912369569919615, "test_auc": 0.9827430642531069, "total_loss": -1021.2506910163207, "train_auc": 0.9832888974832754}