{"dataset.max_df": 0.8, "dataset.min_df": 0.01, "dataset.window_size": 4, "dirichlet_loss": 0.0, "div_loss": 0.0, "fcm.embed_dim": 50, "fcm.eta": 0, "fcm.hidden_size": 100, "fcm.inductive": true, "fcm.inductive_dropout": 0.01, "fcm.lam": 0, "fcm.nconcepts": 2, "fcm.nnegs": 15, "fcm.num_layers": 1, "fcm.rho": 10, "fit.batch_size": 16384, "fit.grad_clip": 1024, "fit.lr": 0.01, "fit.nepochs": 30, "fit.pred_only_epochs": 15, "id": "2c999eddbb5a9b3f1adf4fb130fac785", "pred_loss": 4.642078329396368, "run_time": 126.4015205300002, "sgns_loss": 14.859608612857459, "test_auc": 0.995016729118635, "total_loss": 19.501686942253826, "train_auc": 0.9967740755577899}