{"dataset.max_df": 0.8, "dataset.min_df": 0.01, "dataset.window_size": 4, "dirichlet_loss": -10.360019419585067, "div_loss": -205.86354392669713, "fcm.embed_dim": 50, "fcm.eta": 10, "fcm.hidden_size": 100, "fcm.inductive": true, "fcm.inductive_dropout": 0.01, "fcm.lam": 1, "fcm.nconcepts": 2, "fcm.nnegs": 15, "fcm.num_layers": 1, "fcm.rho": 1, "fit.batch_size": 16384, "fit.grad_clip": 1024, "fit.lr": 0.01, "fit.nepochs": 30, "fit.pred_only_epochs": 15, "id": "dfd9cf3b8f36fe75184dd2213f2c8643", "pred_loss": 3.7795895443867003, "run_time": 124.71422210499986, "sgns_loss": 14.899244823891971, "test_auc": 0.9994795314313173, "total_loss": -197.4678849047272, "train_auc": 0.9992541966829188}