{"dataset.max_df": 0.8, "dataset.min_df": 0.01, "dataset.window_size": 4, "dirichlet_loss": 0.0, "div_loss": -2061.5103788403558, "fcm.embed_dim": 50, "fcm.eta": 100, "fcm.hidden_size": 100, "fcm.inductive": true, "fcm.inductive_dropout": 0.01, "fcm.lam": 0, "fcm.nconcepts": 2, "fcm.nnegs": 15, "fcm.num_layers": 1, "fcm.rho": 100, "fit.batch_size": 16384, "fit.grad_clip": 1024, "fit.lr": 0.01, "fit.nepochs": 30, "fit.pred_only_epochs": 15, "id": "2026a81ec2a99e2cd821344cff57a383", "pred_loss": 534.8692396046715, "run_time": 130.6991529779998, "sgns_loss": 29.659960742869266, "test_auc": 0.8271667339750635, "total_loss": -1485.7551921969948, "train_auc": 0.9104997322447819}