{"dataset.max_df": 0.8, "dataset.min_df": 0.01, "dataset.window_size": 4, "dirichlet_loss": -10361.63286091507, "div_loss": 0.0, "fcm.embed_dim": 50, "fcm.eta": 0, "fcm.hidden_size": 100, "fcm.inductive": true, "fcm.inductive_dropout": 0.01, "fcm.lam": 1000, "fcm.nconcepts": 2, "fcm.nnegs": 15, "fcm.num_layers": 1, "fcm.rho": 100, "fit.batch_size": 16384, "fit.grad_clip": 1024, "fit.lr": 0.01, "fit.nepochs": 30, "fit.pred_only_epochs": 15, "id": "c37876134f0db0ee260f125ae274b4a5", "pred_loss": 645.7801220567609, "run_time": 124.09956739600011, "sgns_loss": 14.910080368559825, "test_auc": 0.9147227107051024, "total_loss": -9646.155955626873, "train_auc": 0.9208619869893907}