{"dataset.max_df": 0.8, "dataset.min_df": 0.01, "dataset.window_size": 4, "dirichlet_loss": -103.61623043538481, "div_loss": -2061.804101432427, "fcm.embed_dim": 50, "fcm.eta": 100, "fcm.hidden_size": 100, "fcm.inductive": true, "fcm.inductive_dropout": 0.01, "fcm.lam": 10, "fcm.nconcepts": 2, "fcm.nnegs": 15, "fcm.num_layers": 1, "fcm.rho": 0, "fit.batch_size": 16384, "fit.grad_clip": 1024, "fit.lr": 0.01, "fit.nepochs": 30, "fit.pred_only_epochs": 15, "id": "85d37e8017e6a238cd4021a0e7d70b19", "pred_loss": 0.0, "run_time": 141.2568247459999, "sgns_loss": 14.89046350006454, "test_auc": 0.9886298864618106, "total_loss": -2150.501606043595, "train_auc": 0.990554429289242}