{"dataset.max_df": 0.8, "dataset.min_df": 0.01, "dataset.window_size": 4, "dirichlet_loss": 0.0, "div_loss": -20621.221524123208, "fcm.embed_dim": 50, "fcm.eta": 1000, "fcm.hidden_size": 100, "fcm.inductive": true, "fcm.inductive_dropout": 0.01, "fcm.lam": 0, "fcm.nconcepts": 2, "fcm.nnegs": 15, "fcm.num_layers": 1, "fcm.rho": 1, "fit.batch_size": 16384, "fit.grad_clip": 1024, "fit.lr": 0.01, "fit.nepochs": 30, "fit.pred_only_epochs": 15, "id": "c62869aecdf4baf32617d8c11b4de73f", "pred_loss": 0.14491435263360572, "run_time": 126.09898083799999, "sgns_loss": 14.894608455876664, "test_auc": 0.9981139803800284, "total_loss": -20605.756688466652, "train_auc": 0.9984314658523495}