{"dataset.max_df": 0.8, "dataset.min_df": 0.01, "dataset.window_size": 4, "dirichlet_loss": -10.360419463524742, "div_loss": -2061.889077599382, "fcm.embed_dim": 50, "fcm.eta": 100, "fcm.hidden_size": 100, "fcm.inductive": true, "fcm.inductive_dropout": 0.01, "fcm.lam": 1, "fcm.nconcepts": 2, "fcm.nnegs": 15, "fcm.num_layers": 1, "fcm.rho": 10, "fit.batch_size": 16384, "fit.grad_clip": 1024, "fit.lr": 0.01, "fit.nepochs": 30, "fit.pred_only_epochs": 15, "id": "ab6c3d67296878fe69ba16925f3f0f53", "pred_loss": 40.02800897489661, "run_time": 131.4440354190001, "sgns_loss": 14.898087515853385, "test_auc": 0.9973474953608327, "total_loss": -2013.2442457155146, "train_auc": 0.9963049435036186}